time;x;y;fx;fy
63;120;-120;0;0
126;120;-120;0;0
189;120;-120;0;0
252;120;-120;0;0
315;120;-120;0;0
378;120;-120;0;0
441;120;-120;0;0
504;120;-120;0;0
567;120;-120;0;0
630;120;-120;0;0
693;120;-120;0;0
756;120;-120;0;0
819;120;-120;0;0
882;120;-120;0;0
945;120;-120;0;0
1008;120;-120;0;0
1071;120;-120;0;0
1134;120;-120;0;0
1197;120;-120;0;0
1260;120;-120;40;0
1323;120;-119;40;107
1386;120;-117;40;107
1449;120;-115;40;107
1512;120;-114;40;107
1575;120;-113;85;107
1638;120;-109;85;196
1701;120;-107;85;196
1764;120;-104;85;196
1827;120;-102;85;196
1890;120;-97;78;196
1953;120;-93;78;238
2016;120;-90;78;238
2079;120;-87;78;238
2142;120;-80;78;238
2205;120;-77;49;238
2268;120;-73;49;306
2331;120;-70;49;306
2394;120;-62;49;306
2457;120;-59;49;306
2520;120;-55;0;306
2583;120;-52;0;231
2646;120;-45;0;231
2709;120;-42;0;231
2772;120;-39;0;231
2835;120;-35;27;231
2898;120;-29;27;213
2961;120;-26;27;213
3024;120;-22;27;213
3087;120;-19;27;213
3150;120;-13;0;231
3213;120;-9;0;231
3276;120;-6;0;231
3339;120;-3;0;231
3402;120;3;0;231
3465;120;6;0;231
3528;120;9;0;170
3591;120;12;0;170
3654;120;17;0;170
3717;120;19;0;170
3780;120;22;0;170
3843;120;24;0;182
3906;120;29;0;182
3969;120;32;0;182
4032;120;34;0;182
4095;120;37;0;182
4158;120;42;0;179
4221;120;44;0;179
4284;120;47;0;179
4347;120;49;0;179
4410;120;54;0;179
4473;120;57;0;193
4536;120;59;0;193
4599;120;62;0;193
4662;120;67;0;193
4725;120;69;0;193
4788;120;72;0;205
4851;120;76;0;205
4914;120;82;0;205
4977;120;85;0;205
5040;120;89;0;205
5103;120;92;0;180
5166;120;97;0;180
5229;120;99;0;180
5292;120;102;0;180
5355;120;104;0;180
5418;120;109;0;195
5481;120;112;0;195
5544;120;114;0;195
5607;120;117;0;195
5670;120;122;0;150
5733;120;124;0;150
5796;120;126;0;150
5859;120;130;0;150
5922;120;130;0;150
5985;120;130;0;0
6048;120;130;0;0
6111;120;130;0;0
6174;120;130;0;0
6237;120;130;0;0
6300;120;130;0;0
6363;120;130;0;0
6426;120;130;0;0
6489;120;130;0;0
6552;120;130;0;0
6615;120;130;0;0
6678;120;130;0;58
6741;120;130;0;58
6804;120;130;0;58
6867;120;130;0;58
6930;120;130;0;70
6993;120;130;0;70
7056;120;130;0;70
7119;120;130;0;70
7182;120;130;0;70
7245;120;130;0;91
7308;120;130;0;91
7371;120;130;0;91
7434;120;130;0;91
7497;120;130;0;91
7560;120;130;0;101
7623;120;130;0;101
7686;120;130;0;101
7749;120;130;0;101
7812;120;130;0;101
7875;120;130;0;107
7938;120;130;0;107
8001;120;130;0;107
8064;120;130;0;107
8127;120;130;0;107
8190;120;130;0;112
8253;120;130;0;112
8316;120;130;0;112
8379;120;130;0;112
8442;120;130;0;73
8505;120;130;0;73
8568;120;130;0;73
8631;120;130;0;73
8694;120;130;-74;73
8757;120;130;-74;73
8820;120;130;-74;0
8883;120;130;-74;0
8946;117;130;-240;0
9009;113;130;-240;0
9072;109;130;-240;0
9135;106;130;-240;0
9198;98;130;-240;0
9261;94;130;-405;0
9324;90;130;-405;0
9387;87;130;-405;0
9450;79;130;-405;0
9513;75;130;-405;0
9576;71;130;-558;0
9639;67;130;-558;0
9702;60;130;-558;0
9765;56;129;-558;-232
9828;53;125;-558;-232
9891;49;122;-453;-232
9954;42;115;-453;-232
10017;39;112;-453;-232
10080;35;109;-453;-182
10143;31;107;-453;-182
10206;21;102;-283;-182
10269;17;100;-283;-182
10332;12;97;-283;-182
10395;7;95;-283;-193
10458;-1;90;-297;-193
10521;-6;88;-297;-193
10584;-10;85;-297;-193
10647;-14;83;-297;-193
10710;-22;78;-297;-245
10773;-26;74;-297;-245
10836;-27;71;-78;-245
10899;-27;68;-78;-245
10962;-27;61;-78;-245
11025;-27;56;-78;-284
11088;-27;51;-78;-284
11151;-27;47;-68;-284
11214;-27;37;-68;-284
11277;-27;32;-68;-284
11340;-27;28;-68;-235
11403;-27;25;-68;-235
11466;-27;18;-97;-235
11529;-27;15;-97;-235
11592;-27;12;-97;-235
11655;-27;5;-97;-298
11718;-28;1;-461;-298
11781;-33;-3;-461;-298
11844;-42;-13;-461;-298
11907;-47;-17;-461;-177
11970;-51;-19;-461;-177
12033;-56;-21;-663;-177
12096;-65;-26;-663;-177
12159;-65;-26;-663;-177
12222;-74;-30;-663;-170
12285;-78;-32;-663;-170
12348;-83;-35;-646;-170
12411;-87;-37;-646;-170
12474;-96;-42;-646;-170
12537;-100;-44;-646;-103
12600;-104;-45;-646;-103
12663;-111;-47;-347;-103
12726;-115;-49;-347;-103
12789;-118;-50;-347;-103
12852;-125;-53;-347;-133
12915;-129;-54;-347;-133
12978;-130;-56;-67;-133
13041;-130;-58;-67;-133
13104;-130;-61;-67;-133
13167;-130;-61;-67;-63
13230;-127;-61;383;-63
13293;-123;-61;383;-63
13356;-120;-61;383;-63
13419;-112;-61;383;-63
13482;-109;-61;383;105
13545;-107;-60;0;105
13608;-109;-59;-359;105
13671;-116;-56;-359;105
13734;-119;-55;-359;105
13797;-124;-52;-359;473
13860;-128;-47;-359;473
13923;-138;-38;-546;473
13986;-143;-33;-546;473
14049;-147;-28;-546;473
14112;-157;-20;-546;-36
14175;-160;-20;-124;-36
14238;-161;-20;-124;-36
14301;-163;-20;-124;-36
14364;-166;-20;-124;-121
14427;-167;-22;-124;-121
14490;-169;-23;-85;-121
14553;-169;-25;-85;-121
14616;-169;-26;-85;-121
14679;-169;-28;-85;-121
14742;-169;-29;-85;-37
14805;-169;-29;0;-37
14868;-169;-29;0;-37
14931;-169;-29;0;-37
14994;-169;-29;0;-37
15057;-169;-29;0;-31
15120;-169;-29;0;-31
15183;-169;-29;-26;-31
15246;-169;-29;-26;-31
15309;-169;-29;-26;-31
15372;-169;-29;-26;-35
15435;-169;-29;-26;-35
15498;-169;-29;-27;-35
15561;-169;-29;-27;-35
15624;-169;-29;-27;-35
15687;-169;-29;-27;-51
15750;-169;-29;0;-51
15813;-169;-29;0;-51
15876;-169;-29;0;-51
15939;-169;-29;0;-28
16002;-169;-29;0;-28
16065;-169;-29;0;-28
16128;-169;-29;0;-28
16191;-169;-29;0;-28
16254;-169;-29;0;0
16317;-169;-29;0;0
16380;-169;-29;0;0
16443;-169;-29;0;0
16506;-169;-29;0;0
16569;-169;-29;0;0
16632;-169;-29;30;0
16695;-169;-29;30;0
16758;-169;-29;30;0
16821;-169;-29;30;0
16884;-169;-29;30;0
16947;-169;-29;0;0
17010;-169;-29;0;0
17073;-169;-29;0;0
17136;-169;-29;0;0
17199;-169;-29;0;0
17262;-169;-29;0;0
17325;-169;-29;0;0
17388;-169;-29;0;0
17451;-169;-29;0;0
17514;-169;-29;0;0
17577;-169;-35;0;-228
17640;-169;-39;-40;-228
17703;-169;-42;-40;-228
17766;-169;-49;-40;-228
17829;-169;-52;-40;-192
17892;-169;-54;43;-192
17955;-169;-59;43;-192
18018;-169;-62;43;-192
18081;-169;-64;43;-192
18144;-169;-67;43;-156
18207;-169;-71;54;-156
18270;-169;-73;54;-156
18333;-169;-75;54;-156
18396;-169;-77;54;-156
18459;-169;-81;0;-144
18522;-169;-82;0;-144
18585;-169;-84;0;-144
18648;-169;-86;0;-144
18711;-169;-89;0;-71
18774;-169;-89;0;-71
18837;-169;-89;0;-71
18900;-169;-89;0;-71
18963;-169;-89;0;-71
19026;-169;-89;0;-172
19089;-169;-92;0;-172
19152;-169;-94;0;-172
19215;-169;-99;-51;-172
19278;-169;-102;-51;-172
19341;-169;-104;-51;-172
19404;-169;-107;-51;-171
19467;-169;-112;-51;-171
19530;-169;-114;0;-171
19593;-169;-117;0;-171
19656;-169;-120;0;-171
19719;-169;-120;29;0
19782;-169;-119;29;123
19845;-169;-117;29;123
19908;-169;-114;29;123
19971;-169;-113;29;123
20034;-169;-112;0;123
20097;-169;-111;0;29
20160;-169;-111;0;29
20223;-169;-111;0;29
20286;-169;-111;0;29
20349;-169;-111;0;29
20412;-169;-111;0;0
20475;-169;-111;0;0
20538;-169;-111;0;0
20601;-169;-111;0;0
20664;-169;-111;0;0
20727;-169;-111;0;0
20790;-169;-111;0;0
20853;-169;-111;0;0
20916;-169;-111;0;0
20979;-169;-111;0;0
21042;-169;-111;0;0
21105;-169;-111;0;0
21168;-169;-111;0;0
21231;-169;-111;0;0
21294;-169;-111;0;0
21357;-169;-111;0;0
21420;-169;-111;0;0
21483;-169;-111;0;0
21546;-169;-111;34;0
21609;-169;-111;34;0
21672;-169;-111;34;0
21735;-169;-111;34;0
21798;-169;-111;34;0
21861;-169;-111;34;0
21924;-166;-111;347;0
21987;-159;-111;347;39
22050;-155;-111;347;39
22113;-151;-111;347;39
22176;-144;-111;632;39
22239;-140;-110;632;150
22302;-136;-108;632;150
22365;-132;-105;632;150
22428;-123;-101;632;150
22491;-123;-101;632;150
22554;-115;-98;594;56
22617;-112;-98;594;56
22680;-108;-98;594;56
22743;-101;-98;594;56
22806;-97;-98;484;56
22869;-93;-98;484;47
22932;-90;-98;484;47
22995;-82;-98;484;47
23058;-79;-98;484;47
23121;-75;-98;369;47
23184;-71;-98;369;54
23247;-64;-98;369;54
23310;-61;-98;369;54
23373;-57;-98;369;54
23436;-50;-98;366;47
23499;-46;-98;366;47
23562;-42;-98;366;47
23625;-39;-98;366;47
23688;-35;-98;366;47
23751;-28;-98;336;47
23814;-24;-98;336;51
23877;-20;-98;336;51
23940;-17;-98;336;51
24003;-9;-98;336;51
24066;-5;-98;255;51
24129;0;-98;255;48
24192;8;-98;255;48
24255;8;-98;255;48
24318;17;-98;255;48
24381;21;-98;211;48
24444;28;-98;211;36
24507;28;-98;211;36
24570;34;-98;211;36
24633;37;-98;211;36
24696;40;-98;121;36
24759;43;-98;121;0
24822;44;-98;121;0
24885;45;-98;121;0
24948;47;-98;121;0
25011;48;-98;0;0
25074;48;-98;0;0
25137;48;-98;0;0
25200;48;-98;0;0
25263;49;-98;694;0
25326;52;-98;694;0
25389;56;-98;694;0
25452;60;-98;694;0
25515;67;-98;694;0
25578;69;-98;970;0
25641;66;-98;970;0
25704;62;-98;970;-28
25767;55;-98;970;-28
25830;51;-98;970;-28
25893;48;-98;743;-28
25956;51;-98;743;-28
26019;58;-98;743;-28
26082;62;-98;743;0
26145;65;-98;743;0
26208;73;-98;609;0
26271;73;-98;609;0
26334;80;-98;609;0
26397;83;-98;609;0
26460;87;-98;609;0
26523;91;-98;609;0
26586;98;-98;640;0
26649;102;-98;640;0
26712;109;-98;640;0
26775;113;-98;640;0
26838;116;-98;318;0
26901;120;-98;318;0
26964;124;-98;318;0
27027;131;-98;318;-62
27090;135;-98;318;-62
27153;137;-98;0;-62
27216;137;-98;0;-62
27279;136;-98;-165;-77
27342;134;-98;-165;-77
27405;131;-98;-165;-77
27468;129;-98;-165;-77
27531;124;-98;-165;-77
27594;123;-98;-64;-77
27657;123;-98;-64;-38
27720;123;-98;-64;-38
27783;123;-98;529;-38
27846;130;-98;529;69
27909;134;-98;529;69
27972;138;-98;529;69
28035;145;-98;0;69
28098;145;-98;0;69
28161;145;-97;0;105
28224;144;-95;-104;105
28287;143;-94;-104;105
28350;142;-92;-104;105
28413;141;-91;-104;105
28476;139;-91;-104;45
28539;138;-91;-35;45
28602;138;-91;-35;45
28665;138;-91;-35;45
28728;138;-91;-35;0
28791;138;-91;-35;0
28854;138;-91;0;0
28917;138;-91;0;0
28980;138;-91;0;0
29043;138;-91;0;0
29106;138;-91;0;0
29169;138;-91;0;0
29232;138;-91;0;0
29295;138;-91;0;0
29358;138;-91;27;0
29421;138;-91;27;0
29484;138;-91;27;0
29547;138;-91;27;0
29610;138;-91;45;0
29673;138;-91;45;0
29736;138;-91;45;0
29799;138;-91;45;0
29862;138;-91;45;0
29925;138;-91;69;0
29988;138;-91;69;0
30051;138;-91;69;0
30114;138;-91;69;0
30177;138;-91;69;0
30240;138;-91;56;0
30303;138;-91;56;0
30366;138;-91;56;0
30429;138;-91;56;0
30492;138;-91;56;0
30555;138;-91;56;0
30618;138;-91;65;0
30681;138;-91;65;0
30744;138;-91;65;0
30807;138;-91;65;0
30870;138;-91;52;0
30933;138;-91;52;0
30996;138;-91;52;0
31059;138;-91;52;0
31122;138;-91;52;0
31185;138;-91;35;0
31248;138;-91;35;0
31311;138;-91;35;0
31374;138;-91;35;0
31437;138;-91;35;0
31500;138;-91;28;0
31563;138;-91;28;0
31626;138;-91;28;0
31689;138;-91;28;0
31752;138;-91;28;0
31815;138;-91;0;0
31878;138;-91;0;0
31941;138;-91;0;0
32004;138;-91;0;0
32067;138;-91;0;0
32130;138;-91;0;0
32193;138;-91;0;0
32256;138;-91;0;0
32319;138;-91;0;0
32382;138;-91;0;0
32445;138;-91;0;202
32508;138;-88;0;202
32571;136;-82;-145;202
32634;134;-79;-145;202
32697;132;-76;-145;202
32760;130;-73;-145;202
32823;126;-67;-145;211
32886;123;-64;-414;211
32949;120;-60;-414;211
33012;116;-57;-414;211
33075;108;-51;-414;179
33138;104;-49;-414;179
33201;99;-47;-452;179
33264;95;-45;-452;179
33327;86;-40;-452;179
33390;83;-37;-452;208
33453;79;-34;-452;208
33516;76;-31;-337;208
33579;69;-24;-337;208
33642;65;-21;-337;208
33705;57;-16;-337;183
33768;53;-14;-382;183
33831;48;-11;-382;183
33894;44;-9;-382;183
33957;35;-5;-382;183
34020;35;-5;-382;183
34083;28;0;-222;226
34146;25;3;-222;226
34209;21;6;-222;226
34272;15;13;-222;226
34335;12;16;-222;141
34398;9;18;-241;141
34461;5;19;-241;141
34524;2;21;-241;141
34587;-4;24;-241;141
34650;-7;26;-241;127
34713;-14;29;-359;127
34776;-18;30;-359;127
34839;-23;32;-359;127
34902;-27;33;-359;127
34965;-31;35;-359;127
35028;-35;35;-359;74
35091;-42;35;-340;74
35154;-46;35;-340;74
35217;-50;35;-340;74
35280;-58;35;-340;75
35343;-61;35;-228;75
35406;-65;35;-228;75
35469;-69;35;-228;75
35532;-73;35;-228;75
35595;-80;36;-228;191
35658;-81;39;-89;191
35721;-81;41;-89;191
35784;-81;44;-89;191
35847;-81;49;-89;191
35910;-81;52;-89;270
35973;-82;57;-169;270
36036;-87;66;-169;270
36099;-91;75;-169;270
36162;-94;79;-169;0
36225;-96;79;-499;0
36288;-104;79;-499;0
36351;-108;79;-499;0
36414;-112;79;-499;0
36477;-116;79;-499;0
36540;-123;79;-318;0
36603;-127;79;-318;0
36666;-131;79;-318;0
36729;-135;79;-318;0
36792;-139;79;-318;116
36855;-143;82;0;116
36918;-143;83;0;116
36981;-143;84;0;116
37044;-143;87;0;116
37107;-143;90;0;492
37170;-143;94;84;492
37233;-143;101;84;492
37296;-143;105;84;492
37359;-143;109;84;492
37422;-143;110;84;34
37485;-143;110;56;34
37548;-143;110;56;-45
37611;-143;110;56;-45
37674;-143;110;56;-45
37737;-143;110;56;-45
37800;-143;110;49;-45
37863;-143;110;49;-39
37926;-143;110;49;-39
37989;-143;110;49;-39
38052;-142;110;220;-39
38115;-138;110;220;-39
38178;-135;110;220;0
38241;-132;110;220;0
38304;-126;110;220;0
38367;-122;110;412;0
38430;-119;110;412;0
38493;-111;110;412;0
38556;-111;110;412;0
38619;-104;110;412;0
38682;-101;110;-680;0
38745;-108;110;-680;0
38808;-112;110;-680;0
38871;-116;110;-680;0
38934;-120;110;-680;0
38997;-124;110;-562;0
39060;-131;110;-562;0
39123;-135;110;-562;-58
39186;-139;110;-562;-58
39249;-143;110;-562;-58
39312;-147;110;-562;-58
39375;-147;110;28;-58
39438;-147;108;28;-162
39501;-147;106;28;-162
39564;-147;102;28;-162
39627;-146;100;171;-162
39690;-142;95;171;-162
39753;-139;94;171;0
39816;-137;94;171;0
39879;-134;94;171;49
39942;-133;94;0;49
40005;-133;94;0;49
40068;-133;94;0;49
40131;-133;94;0;49
40194;-133;95;0;182
40257;-134;98;-212;182
40320;-141;103;-212;182
40383;-144;105;-212;182
40446;-147;108;-212;182
40509;-150;109;-212;0
40572;-152;109;0;0
40635;-152;109;0;0
40698;-152;109;0;-158
40761;-152;105;0;-158
40824;-152;103;40;-158
40887;-152;101;40;-158
40950;-152;99;40;-158
41013;-152;97;40;0
41076;-152;97;40;0
41139;-152;97;0;0
41202;-152;97;0;0
41265;-152;97;0;0
41328;-152;97;0;0
41391;-152;97;0;0
41454;-152;97;0;0
41517;-152;97;0;0
41580;-152;97;0;0
41643;-152;97;0;0
41706;-152;97;0;0
41769;-152;97;82;0
41832;-152;97;82;0
41895;-152;97;82;0
41958;-152;97;82;0
42021;-152;97;82;0
42084;-150;97;281;0
42147;-146;97;281;0
42210;-141;97;281;0
42273;-131;97;281;0
42336;-127;97;281;0
42399;-123;97;211;0
42462;-119;97;211;0
42525;-116;97;211;0
42588;-110;97;211;0
42651;-106;97;211;0
42714;-104;97;0;0
42777;-105;97;-113;0
42840;-107;97;-113;0
42903;-108;97;-113;0
42966;-111;97;-113;0
43029;-111;97;-113;0
43092;-112;97;-33;0
43155;-112;97;-33;0
43218;-112;97;-33;0
43281;-112;97;-33;0
43344;-112;97;0;0
43407;-112;97;0;0
43470;-112;97;0;0
43533;-112;97;0;0
43596;-112;97;0;0
43659;-112;97;0;0
43722;-112;97;0;0
43785;-112;97;0;0
43848;-112;97;0;0
43911;-112;97;0;0
43974;-112;97;0;0
44037;-112;97;0;0
44100;-112;97;0;0
44163;-112;97;0;0
44226;-112;97;0;0
44289;-112;97;0;0
44352;-112;97;0;0
44415;-112;97;0;0
44478;-112;97;0;0
44541;-112;97;0;0
44604;-112;97;0;0
44667;-112;97;0;0
44730;-112;97;0;0
44793;-112;97;0;0
44856;-112;97;0;0
44919;-112;97;0;0
44982;-112;97;0;0
45045;-112;97;0;0
45108;-112;97;0;0
45171;-112;97;0;0
45234;-112;97;0;0
45297;-112;97;0;0
45360;-112;97;0;0
45423;-112;97;0;0
45486;-112;97;0;0
45549;-112;97;0;0
45612;-112;97;0;0
45675;-112;97;0;0
45738;-112;97;0;0
45801;-112;97;0;28
45864;-112;97;0;28
45927;-112;97;0;28
45990;-112;97;0;28
46053;-112;97;0;28
46116;-112;97;0;0
46179;-112;97;0;0
46242;-112;97;0;-56
46305;-112;97;0;-56
46368;-112;97;0;-56
46431;-112;97;0;-56
46494;-112;97;-30;-56
46557;-112;94;-30;-151
46620;-112;92;-30;-151
46683;-112;90;-30;-151
46746;-112;86;-53;-151
46809;-112;84;-53;-161
46872;-112;81;-53;-161
46935;-112;79;-53;-161
46998;-112;75;-53;-161
47061;-112;73;-64;-161
47124;-112;71;-64;-171
47187;-112;66;-64;-171
47250;-112;63;-64;-171
47313;-112;58;-56;-171
47376;-112;56;-56;-154
47439;-112;54;-56;-154
47502;-112;52;-56;-154
47565;-112;48;-56;-154
47628;-112;46;-61;-154
47691;-112;44;-61;-154
47754;-112;41;-61;-170
47817;-112;36;-61;-170
47880;-112;34;-61;-170
47943;-112;31;-61;-170
48006;-112;29;-54;-170
48069;-112;25;-54;-164
48132;-112;23;-54;-164
48195;-112;20;-54;-164
48258;-112;16;-62;-164
48321;-112;14;-62;-196
48384;-112;9;-62;-196
48447;-112;6;-62;-196
48510;-112;1;-50;-196
48573;-112;-3;-50;-185
48636;-112;-6;-50;-185
48699;-112;-11;-50;-185
48762;-112;-16;-60;-250
48825;-112;-23;-60;-250
48888;-112;-27;-60;-250
48951;-112;-34;-57;-250
49014;-112;-37;-57;-228
49077;-112;-44;-57;-228
49140;-112;-47;-57;-228
49203;-112;-51;-57;-228
49266;-112;-57;-70;-254
49329;-112;-62;-70;-254
49392;-112;-67;-70;-254
49455;-112;-72;-70;-254
49518;-112;-81;-73;-254
49581;-112;-86;-73;-254
49644;-112;-89;-73;-227
49707;-112;-96;-73;-227
49770;-112;-99;-73;-227
49833;-112;-102;-73;-227
49896;-112;-106;-97;-227
49959;-112;-110;-97;-273
50022;-112;-115;-97;-273
50085;-112;-120;-97;-273
50148;-112;-129;-97;-273
50211;-112;-130;-44;-273
50274;-112;-130;-44;-113
50337;-112;-130;-44;-113
50400;-112;-128;-44;227
50463;-112;-124;-44;227
50526;-112;-121;-38;227
50589;-112;-118;-38;227
50652;-112;-111;-38;227
50715;-112;-110;-38;0
50778;-112;-110;-38;0
50841;-112;-110;-73;0
50904;-112;-110;-73;0
50967;-112;-110;-73;0
51030;-112;-110;-73;0
51093;-112;-110;-60;0
51156;-112;-110;-60;0
51219;-112;-110;-60;0
51282;-112;-110;-60;0
51345;-112;-110;-60;43
51408;-112;-110;-62;43
51471;-112;-110;-62;43
51534;-112;-110;-62;43
51597;-112;-110;-62;0
51660;-112;-110;-62;0
51723;-112;-110;-51;0
51786;-112;-110;-51;0
51849;-112;-110;-51;0
51912;-112;-110;-51;0
51975;-112;-108;-51;101
52038;-112;-107;-51;101
52101;-112;-105;-73;101
52164;-112;-104;-73;101
52227;-112;-103;-73;101
52290;-112;-103;-73;79
52353;-112;-103;-73;79
52416;-112;-103;-91;79
52479;-112;-103;-91;79
52542;-112;-103;-91;79
52605;-112;-103;-91;0
52668;-112;-103;-91;0
52731;-112;-103;-87;0
52794;-112;-103;-87;0
52857;-112;-103;-87;44
52920;-112;-103;-87;44
52983;-112;-103;-87;44
53046;-112;-103;-76;44
53109;-112;-103;-76;44
53172;-112;-103;-76;47
53235;-112;-103;-76;47
53298;-112;-103;-76;47
53361;-112;-103;-77;47
53424;-112;-103;-77;47
53487;-112;-103;-77;36
53550;-112;-103;-77;36
53613;-112;-103;0;36
53676;-112;-103;0;36
53739;-112;-103;0;36
53802;-110;-102;141;105
53865;-108;-100;141;105
53928;-106;-99;141;105
53991;-105;-98;141;105
54054;-103;-97;141;105
54117;-101;-96;141;105
54180;-92;-96;265;54
54243;-88;-96;265;54
54306;-78;-96;265;54
54369;-73;-96;265;54
54432;-70;-96;463;0
54495;-66;-96;463;0
54558;-62;-96;463;0
54621;-59;-96;463;0
54684;-51;-96;463;0
54747;-48;-96;557;0
54810;-40;-96;557;0
54873;-37;-96;557;0
54936;-33;-96;557;0
54999;-29;-96;557;0
55062;-26;-96;522;0
55125;-22;-96;522;0
55188;-15;-96;522;0
55251;-11;-96;522;0
55314;-4;-96;577;0
55377;0;-96;577;0
55440;2;-96;577;0
55503;6;-96;577;0
55566;13;-96;577;0
55629;17;-96;510;0
55692;20;-96;510;0
55755;24;-96;510;0
55818;28;-96;510;0
55881;35;-96;510;0
55944;39;-96;467;0
56007;42;-96;467;0
56070;46;-96;467;0
56133;50;-96;467;0
56196;57;-96;467;0
56259;61;-96;467;0
56322;68;-96;303;0
56385;71;-96;303;0
56448;75;-96;303;0
56511;79;-96;303;0
56574;85;-96;194;-44
56637;88;-96;194;-44
56700;90;-96;194;-44
56763;93;-96;194;-44
56826;95;-96;194;-44
56889;98;-96;194;-44
56952;99;-96;0;-74
57015;99;-96;0;-74
57078;99;-96;0;-74
57141;99;-96;0;-74
57204;99;-96;0;-48
57267;99;-96;0;-48
57330;99;-96;0;-48
57393;99;-96;0;-48
57456;99;-96;0;-48
57519;99;-96;0;-70
57582;99;-96;0;-70
57645;99;-96;0;-70
57708;99;-96;0;-70
57771;99;-96;0;-70
57834;100;-96;206;-70
57897;106;-96;206;-70
57960;109;-96;206;-70
58023;113;-96;206;-70
58086;116;-96;206;-70
58149;119;-96;0;-82
58212;119;-96;0;-82
58275;119;-96;-291;-82
58338;113;-96;-291;-82
58401;103;-96;-291;-82
58464;97;-96;-291;-42
58527;92;-96;-291;-42
58590;81;-96;-291;-42
58653;80;-96;0;-42
58716;80;-96;0;-42
58779;83;-96;426;47
58842;86;-96;426;47
58905;90;-96;426;47
58968;97;-96;426;47
59031;101;-96;426;47
59094;108;-96;468;0
59157;112;-96;468;0
59220;115;-96;468;0
59283;119;-96;468;0
59346;123;-96;468;0
59409;127;-96;161;0
59472;130;-96;161;0
59535;132;-96;161;0
59598;134;-96;161;0
59661;137;-96;-48;0
59724;137;-96;-48;0
59787;137;-96;-48;0
59850;137;-96;-48;0
59913;137;-96;0;0
59976;137;-96;0;0
60039;137;-96;0;-42
60102;137;-96;0;-42
60165;137;-96;0;-42
60228;137;-96;0;-42
60291;137;-96;0;-42
60354;137;-96;0;0
60417;137;-96;0;0
60480;137;-96;0;0
60543;137;-96;0;0
60606;137;-96;0;0
60669;137;-96;0;0
60732;137;-96;0;0
60795;137;-96;0;0
60858;137;-96;0;0
60921;137;-96;0;0
60984;137;-96;0;0
61047;137;-96;0;0
61110;137;-96;0;0
61173;137;-96;0;0
61236;137;-96;0;0
61299;137;-96;0;0
61362;137;-96;0;0
61425;137;-96;0;0
61488;137;-96;0;0
61551;137;-96;0;0
61614;137;-96;0;0
61677;137;-96;0;0
61740;137;-96;0;0
61803;137;-96;0;0
61866;137;-96;0;0
61929;137;-96;0;0
61992;137;-96;0;0
62055;137;-96;0;0
62118;137;-96;0;0
62181;137;-96;0;0
62244;137;-96;0;0
62307;137;-96;0;0
62370;137;-96;0;0
62433;137;-96;0;0
62496;137;-96;0;0
62559;137;-96;0;0
62622;137;-96;0;0
62685;137;-96;0;0
62748;137;-96;0;0
62811;137;-96;0;0
62874;137;-90;0;203
62937;137;-87;0;203
63000;137;-84;0;203
63063;137;-81;0;203
63126;137;-78;0;203
63189;137;-69;0;262
63252;137;-64;0;262
63315;137;-59;-29;262
63378;137;-55;-29;262
63441;137;-50;-29;262
63504;137;-41;-29;258
63567;137;-36;-29;258
63630;137;-31;-78;258
63693;137;-22;-78;258
63756;137;-19;-78;0
63819;137;-19;-78;-49
63882;137;-19;-78;-49
63945;131;-19;-335;-49
64008;128;-19;-335;-49
64071;124;-19;-335;-49
64134;120;-19;-335;-75
64197;112;-19;-335;-75
64260;109;-19;-216;-75
64323;106;-19;-216;-75
64386;103;-19;-216;-75
64449;100;-19;-216;-38
64512;97;-19;-216;-38
64575;88;-19;-208;-38
64638;85;-19;-208;-38
64701;83;-19;-208;0
64764;80;-19;-208;0
64827;77;-19;-208;0
64890;74;-19;-317;0
64953;66;-19;-317;0
65016;62;-19;-317;0
65079;59;-19;-317;0
65142;55;-19;-317;0
65205;51;-19;-317;0
65268;43;-19;-307;0
65331;36;-19;-307;0
65394;32;-19;-307;0
65457;28;-19;-307;0
65520;24;-19;-221;0
65583;20;-19;-221;0
65646;13;-19;-221;0
65709;2;-19;-160;0
65772;-1;-17;-160;306
65835;-8;-4;-160;306
65898;-9;3;0;306
65961;-9;6;0;704
66024;-9;14;0;704
66087;-9;21;-58;704
66150;-9;25;-58;704
66213;-9;28;-58;433
66276;-9;32;-58;433
66339;-9;39;-58;433
66402;-10;43;-402;433
66465;-15;48;-402;433
66528;-19;52;-402;0
66591;-27;52;-402;0
66654;-31;52;-402;0
66717;-35;52;-411;0
66780;-39;52;-411;0
66843;-46;52;-411;45
66906;-50;52;-411;45
66969;-54;52;-411;45
67032;-58;52;-411;45
67095;-58;52;-85;45
67158;-58;52;-85;0
67221;-58;52;-85;0
67284;-58;52;-85;0
67347;-58;52;-85;0
67410;-58;52;-43;0
67473;-58;52;-43;0
67536;-58;55;-43;144
67599;-58;58;-43;144
67662;-58;60;-32;144
67725;-58;62;-32;144
67788;-58;68;-32;332
67851;-58;72;-32;332
67914;-58;75;-32;332
67977;-59;79;-133;332
68040;-62;85;-133;151
68103;-66;90;-133;151
68166;-67;92;-133;151
68229;-71;96;-173;151
68292;-74;97;-173;76
68355;-76;97;-173;76
68418;-81;97;-173;76
68481;-85;97;-156;76
68544;-87;97;-156;114
68607;-89;98;-156;114
68670;-93;101;-156;114
68733;-99;104;-303;114
68796;-103;105;-303;0
68859;-111;105;-303;0
68922;-115;105;-303;0
68985;-119;105;-303;0
69048;-122;105;-448;0
69111;-130;105;-448;0
69174;-134;105;-448;0
69237;-138;105;-448;0
69300;-145;105;-119;0
69363;-147;107;-119;230
69426;-148;111;-119;230
69489;-151;117;-119;230
69552;-152;124;0;230
69615;-152;126;0;0
69678;-152;125;0;-101
69741;-152;124;0;-101
69804;-152;123;0;-101
69867;-152;120;0;-101
69930;-152;119;0;-101
69993;-152;118;0;0
70056;-151;118;309;0
70119;-144;118;309;0
70182;-140;118;309;0
70245;-133;118;309;0
70308;-129;118;574;0
70371;-122;118;574;0
70434;-118;118;574;0
70497;-114;118;574;0
70560;-111;118;574;0
70623;-103;118;594;0
70686;-96;118;594;0
70749;-89;118;594;0
70812;-85;118;594;0
70875;-78;118;570;0
70938;-74;118;570;0
71001;-67;118;570;0
71064;-60;118;607;0
71127;-56;118;607;0
71190;-52;118;607;0
71253;-45;118;607;0
71316;-41;118;607;0
71379;-38;118;630;0
71442;-31;118;630;0
71505;-27;118;630;0
71568;-20;118;630;0
71631;-12;118;612;0
71694;-1;118;612;0
71757;5;118;651;0
71820;9;118;651;0
71883;20;118;651;0
71946;23;118;651;0
72009;27;118;683;0
72072;38;118;683;0
72135;42;118;683;0
72198;45;118;683;0
72261;49;118;683;0
72324;56;118;683;0
72387;63;118;683;0
72450;67;118;683;0
72513;74;118;705;0
72576;78;118;705;0
72639;82;118;705;0
72702;85;118;705;0
72765;93;118;705;0
72828;96;118;747;0
72891;104;118;747;0
72954;111;118;747;0
73017;114;118;747;0
73080;118;118;655;-30
73143;125;118;655;-30
73206;133;118;655;-30
73269;136;118;655;-30
73332;138;118;0;-43
73395;138;118;0;-43
73458;138;118;0;-43
73521;138;118;0;-43
73584;138;118;0;-26
73647;138;118;0;-26
73710;138;118;0;-26
73773;138;118;0;-26
73836;138;118;48;0
73899;138;118;48;0
73962;138;118;48;0
74025;138;118;48;0
74088;138;118;92;0
74151;138;118;92;0
74214;138;118;92;0
74277;138;111;-42;-296
74340;138;104;-42;-296
74403;138;97;-42;-296
74466;138;83;-54;-257
74529;138;78;-54;-257
74592;138;69;-54;-257
74655;138;61;-72;-293
74718;138;54;-72;-293
74781;138;47;-72;-293
74844;138;39;-97;-308
74907;138;32;-97;-308
74970;138;25;-97;-308
75033;138;17;-108;-292
75096;136;7;-108;-292
75159;133;-1;-108;-292
75222;131;-14;-59;-222
75285;131;-21;-59;-222
75348;131;-31;-55;-249
75411;131;-38;-55;-249
75474;131;-48;-55;-249
75537;131;-52;0;-56
75600;131;-52;0;-56
75663;133;-52;207;-56
75726;143;-52;207;0
75789;153;-52;249;0
75852;157;-52;249;-32
75915;164;-52;249;-32
75978;168;-52;249;-32
76041;171;-52;-282;0
76104;166;-52;-282;0
76167;149;-52;-282;0
