Date;time;x;y;fx;fy
28/11/2022;10:51:13.193;120;-120;0;41
28/11/2022;10:51:13.256;120;-120;0;44
28/11/2022;10:51:13.318;120;-120;0;44
28/11/2022;10:51:13.381;120;-120;0;44
28/11/2022;10:51:13.443;120;-120;0;44
28/11/2022;10:51:13.506;120;-120;0;44
28/11/2022;10:51:13.568;120;-120;0;37
28/11/2022;10:51:13.631;120;-120;0;37
28/11/2022;10:51:13.693;120;-120;0;37
28/11/2022;10:51:13.771;120;-120;0;37
28/11/2022;10:51:13.818;120;-120;0;37
28/11/2022;10:51:13.881;120;-120;0;47
28/11/2022;10:51:13.943;120;-120;0;47
28/11/2022;10:51:14.006;120;-120;0;47
28/11/2022;10:51:14.068;120;-120;0;47
28/11/2022;10:51:14.131;120;-120;0;47
28/11/2022;10:51:14.193;120;-120;0;74
28/11/2022;10:51:14.256;120;-120;0;74
28/11/2022;10:51:14.318;120;-120;0;74
28/11/2022;10:51:14.381;120;-120;0;74
28/11/2022;10:51:14.443;120;-120;0;74
28/11/2022;10:51:14.506;120;-119;0;248
28/11/2022;10:51:14.568;120;-112;0;248
28/11/2022;10:51:14.631;120;-109;0;248
28/11/2022;10:51:14.693;120;-105;0;248
28/11/2022;10:51:14.756;120;-102;0;248
28/11/2022;10:51:14.818;120;-95;0;310
28/11/2022;10:51:14.881;120;-91;0;310
28/11/2022;10:51:14.943;120;-87;0;310
28/11/2022;10:51:15.006;120;-84;0;310
28/11/2022;10:51:15.068;120;-76;0;280
28/11/2022;10:51:15.131;120;-72;0;280
28/11/2022;10:51:15.193;120;-67;0;280
28/11/2022;10:51:15.256;120;-58;0;280
28/11/2022;10:51:15.318;120;-53;0;280
28/11/2022;10:51:15.381;120;-48;0;162
28/11/2022;10:51:15.443;120;-46;0;162
28/11/2022;10:51:15.506;120;-44;0;162
28/11/2022;10:51:15.568;120;-40;0;162
28/11/2022;10:51:15.646;120;-38;0;162
28/11/2022;10:51:15.693;120;-36;0;162
28/11/2022;10:51:15.756;120;-32;0;261
28/11/2022;10:51:15.818;120;-22;0;261
28/11/2022;10:51:15.896;120;-17;0;261
28/11/2022;10:51:15.943;120;-13;0;261
28/11/2022;10:51:16.006;120;-8;0;261
28/11/2022;10:51:16.068;120;-3;0;135
28/11/2022;10:51:16.131;120;-1;0;135
28/11/2022;10:51:16.193;120;0;0;135
28/11/2022;10:51:16.256;120;1;0;135
28/11/2022;10:51:16.318;120;6;0;255
28/11/2022;10:51:16.381;120;11;0;255
28/11/2022;10:51:16.443;120;16;0;255
28/11/2022;10:51:16.506;120;20;0;255
28/11/2022;10:51:16.568;120;30;0;255
28/11/2022;10:51:16.631;120;33;0;0
28/11/2022;10:51:16.693;120;33;0;0
28/11/2022;10:51:16.756;120;33;0;0
28/11/2022;10:51:16.818;120;33;0;0
28/11/2022;10:51:16.881;120;33;0;0
28/11/2022;10:51:16.943;120;34;0;430
28/11/2022;10:51:17.006;120;38;0;430
28/11/2022;10:51:17.068;120;45;0;430
28/11/2022;10:51:17.131;120;49;0;430
28/11/2022;10:51:17.193;120;52;0;430
28/11/2022;10:51:17.256;120;56;0;0
28/11/2022;10:51:17.318;120;56;0;0
28/11/2022;10:51:17.381;120;56;0;0
28/11/2022;10:51:17.443;120;56;0;0
28/11/2022;10:51:17.506;120;56;0;0
28/11/2022;10:51:17.568;120;58;31;197
28/11/2022;10:51:17.631;120;60;31;197
28/11/2022;10:51:17.693;120;63;31;197
28/11/2022;10:51:17.756;120;65;31;197
28/11/2022;10:51:17.818;120;71;31;197
28/11/2022;10:51:17.881;120;72;45;125
28/11/2022;10:51:17.943;120;74;45;125
28/11/2022;10:51:18.006;120;75;45;125
28/11/2022;10:51:18.069;120;78;45;125
28/11/2022;10:51:18.131;120;80;45;125
28/11/2022;10:51:18.194;120;81;71;155
28/11/2022;10:51:18.256;120;83;71;155
28/11/2022;10:51:18.319;120;88;71;155
28/11/2022;10:51:18.381;120;90;71;155
28/11/2022;10:51:18.443;120;92;71;155
28/11/2022;10:51:18.506;120;93;78;102
28/11/2022;10:51:18.569;120;95;78;102
28/11/2022;10:51:18.631;120;97;78;102
28/11/2022;10:51:18.694;120;98;78;102
28/11/2022;10:51:18.772;120;99;78;102
28/11/2022;10:51:18.834;123;100;166;0
28/11/2022;10:51:18.897;125;100;166;0
28/11/2022;10:51:18.944;127;100;166;0
28/11/2022;10:51:19.006;129;100;166;0
28/11/2022;10:51:19.069;133;100;49;54
28/11/2022;10:51:19.131;133;100;49;54
28/11/2022;10:51:19.194;133;100;49;54
28/11/2022;10:51:19.256;133;100;49;54
28/11/2022;10:51:19.319;133;100;49;54
28/11/2022;10:51:19.381;133;100;0;74
28/11/2022;10:51:19.444;133;100;-35;74
28/11/2022;10:51:19.506;133;100;-35;74
28/11/2022;10:51:19.569;133;100;-35;74
28/11/2022;10:51:19.631;133;100;-35;74
28/11/2022;10:51:19.694;133;100;-35;144
28/11/2022;10:51:19.756;133;101;0;144
28/11/2022;10:51:19.819;133;105;0;144
28/11/2022;10:51:19.881;133;106;0;144
28/11/2022;10:51:19.944;133;108;0;144
28/11/2022;10:51:20.006;133;110;0;144
28/11/2022;10:51:20.069;133;112;0;0
28/11/2022;10:51:20.131;133;112;0;0
28/11/2022;10:51:20.194;133;112;0;0
28/11/2022;10:51:20.272;133;112;0;0
28/11/2022;10:51:20.319;133;112;0;0
28/11/2022;10:51:20.381;133;112;0;0
28/11/2022;10:51:20.444;133;112;0;0
28/11/2022;10:51:20.506;133;112;0;0
28/11/2022;10:51:20.569;133;112;0;0
28/11/2022;10:51:20.631;133;112;0;0
28/11/2022;10:51:20.694;133;112;0;0
28/11/2022;10:51:20.756;133;112;0;0
28/11/2022;10:51:20.819;133;112;0;0
28/11/2022;10:51:20.881;133;112;0;0
28/11/2022;10:51:20.944;133;112;0;0
28/11/2022;10:51:21.006;133;112;0;27
28/11/2022;10:51:21.069;133;112;0;27
28/11/2022;10:51:21.131;133;112;0;27
28/11/2022;10:51:21.194;133;112;0;27
28/11/2022;10:51:21.256;133;112;0;27
28/11/2022;10:51:21.319;133;112;0;0
28/11/2022;10:51:21.381;133;112;0;0
28/11/2022;10:51:21.444;133;112;0;0
28/11/2022;10:51:21.506;133;112;0;0
28/11/2022;10:51:21.584;133;112;0;0
28/11/2022;10:51:21.647;133;112;0;0
28/11/2022;10:51:21.694;133;112;0;0
28/11/2022;10:51:21.756;133;112;0;0
28/11/2022;10:51:21.819;133;112;0;0
28/11/2022;10:51:21.881;133;112;0;90
28/11/2022;10:51:21.944;133;112;0;90
28/11/2022;10:51:22.006;133;112;0;90
28/11/2022;10:51:22.069;133;112;0;90
28/11/2022;10:51:22.131;133;112;0;90
28/11/2022;10:51:22.194;133;112;0;90
28/11/2022;10:51:22.256;133;112;0;90
28/11/2022;10:51:22.319;133;112;0;90
28/11/2022;10:51:22.381;133;112;0;90
28/11/2022;10:51:22.444;133;112;0;90
28/11/2022;10:51:22.506;133;112;0;90
28/11/2022;10:51:22.569;133;112;-98;0
28/11/2022;10:51:22.631;133;112;-98;0
28/11/2022;10:51:22.694;133;112;-98;0
28/11/2022;10:51:22.756;133;112;-98;0
28/11/2022;10:51:22.819;131;112;-375;0
28/11/2022;10:51:22.881;127;112;-375;0
28/11/2022;10:51:22.944;124;112;-375;0
28/11/2022;10:51:23.006;120;112;-375;0
28/11/2022;10:51:23.069;112;112;-375;0
28/11/2022;10:51:23.131;108;112;-626;0
28/11/2022;10:51:23.194;104;111;-626;-193
28/11/2022;10:51:23.256;100;109;-626;-193
28/11/2022;10:51:23.319;91;105;-626;-193
28/11/2022;10:51:23.397;86;102;-626;-193
28/11/2022;10:51:23.444;82;100;-491;-193
28/11/2022;10:51:23.506;77;97;-491;-514
28/11/2022;10:51:23.569;68;87;-491;-514
28/11/2022;10:51:23.631;63;83;-491;-514
28/11/2022;10:51:23.694;58;78;-491;-514
28/11/2022;10:51:23.772;53;73;-209;-514
28/11/2022;10:51:23.835;47;66;-209;-392
28/11/2022;10:51:23.897;44;63;-209;-392
28/11/2022;10:51:23.960;40;59;-209;-392
28/11/2022;10:51:24.006;37;56;-209;-392
28/11/2022;10:51:24.069;31;48;-164;-517
28/11/2022;10:51:24.131;29;44;-164;-517
28/11/2022;10:51:24.194;27;39;-164;-517
28/11/2022;10:51:24.272;25;35;-164;-517
28/11/2022;10:51:24.319;20;26;-164;-517
28/11/2022;10:51:24.381;18;21;-168;-517
28/11/2022;10:51:24.444;16;17;-168;-474
28/11/2022;10:51:24.506;14;13;-168;-474
28/11/2022;10:51:24.569;9;4;-168;-474
28/11/2022;10:51:24.647;7;0;-168;-474
28/11/2022;10:51:24.710;4;-4;-215;-474
28/11/2022;10:51:24.772;-2;-10;-215;-420
28/11/2022;10:51:24.835;-5;-14;-215;-420
28/11/2022;10:51:24.897;-9;-17;-215;-420
28/11/2022;10:51:24.960;-12;-21;-215;-420
28/11/2022;10:51:25.022;-18;-28;-259;-431
28/11/2022;10:51:25.085;-22;-31;-259;-431
28/11/2022;10:51:25.147;-25;-34;-259;-431
28/11/2022;10:51:25.210;-29;-38;-259;-431
28/11/2022;10:51:25.257;-32;-41;-259;-431
28/11/2022;10:51:25.319;-39;-48;-257;-470
28/11/2022;10:51:25.397;-42;-51;-257;-470
28/11/2022;10:51:25.444;-45;-55;-257;-470
28/11/2022;10:51:25.507;-49;-58;-257;-470
28/11/2022;10:51:25.569;-55;-65;-257;-470
28/11/2022;10:51:25.632;-59;-68;-213;-402
28/11/2022;10:51:25.694;-62;-72;-213;-402
28/11/2022;10:51:25.772;-65;-75;-213;-402
28/11/2022;10:51:25.819;-72;-82;-213;-402
28/11/2022;10:51:25.897;-75;-85;-213;-402
28/11/2022;10:51:25.960;-79;-89;-161;-359
28/11/2022;10:51:26.022;-83;-98;-161;-359
28/11/2022;10:51:26.069;-85;-102;-161;-359
28/11/2022;10:51:26.147;-87;-106;-161;-359
28/11/2022;10:51:26.194;-90;-111;-161;-359
28/11/2022;10:51:26.257;-92;-115;-116;-255
28/11/2022;10:51:26.335;-95;-122;-116;-255
28/11/2022;10:51:26.397;-96;-126;-116;-255
28/11/2022;10:51:26.460;-98;-130;-116;-255
28/11/2022;10:51:26.507;-99;-130;-116;-255
28/11/2022;10:51:26.569;-102;-130;-130;-269
28/11/2022;10:51:26.647;-104;-130;-130;-269
28/11/2022;10:51:26.710;-105;-130;-130;-269
28/11/2022;10:51:26.803;-109;-130;-130;-269
28/11/2022;10:51:26.835;-110;-130;-130;-269
28/11/2022;10:51:26.913;-111;-130;-99;-292
28/11/2022;10:51:26.944;-111;-130;-99;-292
28/11/2022;10:51:27.007;-111;-130;-99;-292
28/11/2022;10:51:27.069;-111;-130;-99;-292
28/11/2022;10:51:27.147;-111;-130;-99;-292
28/11/2022;10:51:27.210;-111;-130;0;-200
28/11/2022;10:51:27.288;-111;-130;0;-200
28/11/2022;10:51:27.350;-111;-130;0;-200
28/11/2022;10:51:27.413;-111;-130;0;-200
28/11/2022;10:51:27.444;-111;-130;0;-200
28/11/2022;10:51:27.507;-111;-130;0;-155
28/11/2022;10:51:27.569;-111;-130;0;-155
28/11/2022;10:51:27.632;-111;-130;0;-155
28/11/2022;10:51:27.694;-111;-130;0;-155
28/11/2022;10:51:27.757;-111;-130;0;-155
28/11/2022;10:51:27.819;-111;-130;51;-75
28/11/2022;10:51:27.897;-111;-130;51;-75
28/11/2022;10:51:27.944;-111;-130;51;-75
28/11/2022;10:51:28.007;-111;-130;51;-75
28/11/2022;10:51:28.069;-111;-130;51;-50
28/11/2022;10:51:28.132;-111;-130;232;-50
28/11/2022;10:51:28.194;-108;-130;232;-50
28/11/2022;10:51:28.257;-104;-130;232;-50
28/11/2022;10:51:28.319;-98;-130;232;-50
28/11/2022;10:51:28.397;-94;-130;232;0
28/11/2022;10:51:28.460;-91;-130;414;0
28/11/2022;10:51:28.522;-84;-130;414;0
28/11/2022;10:51:28.585;-80;-130;414;0
28/11/2022;10:51:28.647;-77;-130;414;0
28/11/2022;10:51:28.710;-73;-130;414;0
28/11/2022;10:51:28.772;-69;-130;414;0
28/11/2022;10:51:28.835;-62;-130;414;0
28/11/2022;10:51:28.897;-58;-130;414;0
28/11/2022;10:51:28.960;-55;-130;414;0
28/11/2022;10:51:29.022;-48;-130;414;0
28/11/2022;10:51:29.101;-44;-130;382;0
28/11/2022;10:51:29.163;-40;-130;382;0
28/11/2022;10:51:29.210;-37;-130;382;0
28/11/2022;10:51:29.272;-29;-130;382;0
28/11/2022;10:51:29.335;-26;-130;382;0
28/11/2022;10:51:29.397;-22;-130;449;0
28/11/2022;10:51:29.476;-15;-130;449;0
28/11/2022;10:51:29.538;-11;-130;449;0
28/11/2022;10:51:29.616;-8;-130;449;0
28/11/2022;10:51:29.647;-4;-130;449;0
28/11/2022;10:51:29.726;2;-130;430;0
28/11/2022;10:51:29.788;6;-130;430;0
28/11/2022;10:51:29.819;10;-130;430;0
28/11/2022;10:51:29.897;13;-130;430;0
28/11/2022;10:51:29.960;17;-130;430;0
28/11/2022;10:51:30.022;21;-130;423;0
28/11/2022;10:51:30.085;28;-130;423;0
28/11/2022;10:51:30.147;32;-130;423;0
28/11/2022;10:51:30.226;39;-130;423;0
28/11/2022;10:51:30.288;42;-130;377;0
28/11/2022;10:51:30.335;46;-130;377;0
28/11/2022;10:51:30.397;50;-130;377;0
28/11/2022;10:51:30.476;57;-130;377;0
28/11/2022;10:51:30.538;61;-130;377;0
28/11/2022;10:51:30.585;64;-130;377;0
28/11/2022;10:51:30.648;68;-130;342;0
28/11/2022;10:51:30.726;75;-130;342;0
28/11/2022;10:51:30.788;79;-130;342;0
28/11/2022;10:51:30.835;83;-130;342;0
28/11/2022;10:51:30.913;86;-130;342;0
28/11/2022;10:51:30.991;94;-130;293;0
28/11/2022;10:51:31.038;97;-130;293;0
28/11/2022;10:51:31.116;101;-130;293;0
28/11/2022;10:51:31.163;104;-130;293;0
28/11/2022;10:51:31.241;112;-130;375;0
28/11/2022;10:51:31.288;115;-130;375;0
28/11/2022;10:51:31.335;119;-130;375;0
28/11/2022;10:51:31.413;123;-130;375;0
28/11/2022;10:51:31.476;130;-130;375;0
28/11/2022;10:51:31.538;132;-130;80;0
28/11/2022;10:51:31.585;132;-130;80;0
28/11/2022;10:51:31.648;132;-130;80;0
28/11/2022;10:51:31.710;132;-130;80;0
28/11/2022;10:51:31.773;132;-130;80;0
28/11/2022;10:51:31.835;132;-130;0;0
28/11/2022;10:51:31.898;132;-130;0;0
28/11/2022;10:51:31.960;132;-130;0;0
28/11/2022;10:51:32.023;132;-130;0;0
28/11/2022;10:51:32.101;132;-130;0;0
28/11/2022;10:51:32.163;132;-130;0;0
28/11/2022;10:51:32.226;132;-130;0;0
28/11/2022;10:51:32.288;132;-130;0;0
28/11/2022;10:51:32.319;132;-130;0;0
28/11/2022;10:51:32.398;132;-130;0;0
28/11/2022;10:51:32.460;132;-130;0;26
28/11/2022;10:51:32.523;132;-130;0;26
28/11/2022;10:51:32.585;132;-130;0;26
28/11/2022;10:51:32.663;132;-130;0;26
28/11/2022;10:51:32.726;132;-130;0;0
28/11/2022;10:51:32.773;132;-130;0;0
28/11/2022;10:51:32.835;132;-130;0;0
28/11/2022;10:51:32.898;132;-130;0;0
28/11/2022;10:51:32.960;132;-130;0;0
28/11/2022;10:51:33.023;132;-130;0;0
28/11/2022;10:51:33.085;132;-130;0;33
28/11/2022;10:51:33.148;132;-130;0;33
28/11/2022;10:51:33.210;132;-130;0;33
28/11/2022;10:51:33.273;132;-130;0;33
28/11/2022;10:51:33.335;130;-130;-182;33
28/11/2022;10:51:33.413;128;-126;-182;347
28/11/2022;10:51:33.476;123;-117;-182;347
28/11/2022;10:51:33.539;121;-113;-182;347
28/11/2022;10:51:33.616;119;-108;-182;347
28/11/2022;10:51:33.648;115;-104;-363;347
28/11/2022;10:51:33.726;110;-99;-363;294
28/11/2022;10:51:33.804;101;-90;-363;294
28/11/2022;10:51:33.835;96;-85;-363;294
28/11/2022;10:51:33.898;91;-80;-363;294
28/11/2022;10:51:33.976;87;-75;-397;294
28/11/2022;10:51:34.038;78;-66;-397;277
28/11/2022;10:51:34.085;74;-63;-397;277
28/11/2022;10:51:34.148;71;-60;-397;277
28/11/2022;10:51:34.210;67;-56;-397;277
28/11/2022;10:51:34.288;60;-50;-293;277
28/11/2022;10:51:34.335;57;-46;-293;263
28/11/2022;10:51:34.414;53;-43;-293;263
28/11/2022;10:51:34.476;46;-36;-293;263
28/11/2022;10:51:34.523;46;-36;-293;263
28/11/2022;10:51:34.585;39;-30;-363;263
28/11/2022;10:51:34.663;36;-26;-363;177
28/11/2022;10:51:34.710;31;-24;-363;177
28/11/2022;10:51:34.788;22;-20;-363;177
28/11/2022;10:51:34.867;18;-17;-363;177
28/11/2022;10:51:34.913;14;-15;-295;177
28/11/2022;10:51:34.960;9;-13;-295;177
28/11/2022;10:51:35.038;1;-9;-295;187
28/11/2022;10:51:35.085;-3;-6;-295;187
28/11/2022;10:51:35.179;-7;-4;-295;187
28/11/2022;10:51:35.210;-12;-2;-295;187
28/11/2022;10:51:35.304;-18;3;-203;240
28/11/2022;10:51:35.351;-21;6;-203;240
28/11/2022;10:51:35.429;-27;12;-203;240
28/11/2022;10:51:35.460;-27;12;-203;240
28/11/2022;10:51:35.538;-33;19;-129;240
28/11/2022;10:51:35.585;-34;21;-129;189
28/11/2022;10:51:35.679;-36;24;-129;189
28/11/2022;10:51:35.710;-37;27;-129;189
28/11/2022;10:51:35.789;-40;32;-129;189
28/11/2022;10:51:35.867;-41;34;-91;189
28/11/2022;10:51:35.914;-41;37;-91;204
28/11/2022;10:51:35.976;-41;43;-91;204
28/11/2022;10:51:36.039;-41;47;-91;204
28/11/2022;10:51:36.085;-41;50;-91;204
28/11/2022;10:51:36.148;-42;53;-134;204
28/11/2022;10:51:36.226;-45;57;-134;132
28/11/2022;10:51:36.273;-47;59;-134;132
28/11/2022;10:51:36.351;-49;61;-134;132
28/11/2022;10:51:36.429;-50;62;-134;132
28/11/2022;10:51:36.460;-52;64;-336;132
28/11/2022;10:51:36.539;-60;66;-336;35
28/11/2022;10:51:36.585;-64;66;-336;35
28/11/2022;10:51:36.648;-67;66;-336;35
28/11/2022;10:51:36.726;-71;66;-336;35
28/11/2022;10:51:36.789;-79;66;-437;0
28/11/2022;10:51:36.836;-83;66;-437;0
28/11/2022;10:51:36.898;-86;66;-437;0
28/11/2022;10:51:36.976;-90;66;-437;0
28/11/2022;10:51:37.039;-98;66;-226;0
28/11/2022;10:51:37.085;-102;66;-226;134
28/11/2022;10:51:37.179;-105;67;-226;134
28/11/2022;10:51:37.226;-108;69;-226;134
28/11/2022;10:51:37.304;-115;72;-226;134
28/11/2022;10:51:37.351;-118;74;-226;134
28/11/2022;10:51:37.429;-118;78;-55;317
28/11/2022;10:51:37.476;-118;82;-55;317
28/11/2022;10:51:37.523;-118;82;-55;317
28/11/2022;10:51:37.601;-118;89;-55;317
28/11/2022;10:51:37.648;-118;93;-55;317
28/11/2022;10:51:37.726;-118;97;-70;317
28/11/2022;10:51:37.773;-118;98;-70;97
28/11/2022;10:51:37.851;-118;98;-70;97
28/11/2022;10:51:37.914;-118;98;-70;97
28/11/2022;10:51:37.961;-118;98;-70;97
28/11/2022;10:51:38.023;-118;98;-92;0
28/11/2022;10:51:38.101;-118;98;-92;0
28/11/2022;10:51:38.164;-118;98;-92;0
28/11/2022;10:51:38.211;-118;98;-92;0
28/11/2022;10:51:38.289;-118;98;-52;0
28/11/2022;10:51:38.351;-118;98;-52;52
28/11/2022;10:51:38.398;-118;98;-52;52
28/11/2022;10:51:38.461;-118;98;-52;52
28/11/2022;10:51:38.523;-118;98;-52;52
28/11/2022;10:51:38.586;-118;98;0;52
28/11/2022;10:51:38.664;-118;98;0;49
28/11/2022;10:51:38.711;-118;98;0;49
28/11/2022;10:51:38.789;-118;98;0;49
28/11/2022;10:51:38.851;-118;98;0;49
28/11/2022;10:51:38.898;-118;98;0;49
28/11/2022;10:51:38.976;-118;98;0;0
28/11/2022;10:51:39.039;-118;98;0;0
28/11/2022;10:51:39.086;-118;98;0;0
28/11/2022;10:51:39.164;-118;98;0;0
28/11/2022;10:51:39.226;-118;98;0;0
28/11/2022;10:51:39.289;-118;98;0;0
28/11/2022;10:51:39.336;-118;98;0;34
28/11/2022;10:51:39.398;-118;98;0;34
28/11/2022;10:51:39.461;-118;98;0;34
28/11/2022;10:51:39.539;-118;98;0;34
28/11/2022;10:51:39.601;-118;98;0;34
28/11/2022;10:51:39.648;-118;98;0;0
28/11/2022;10:51:39.711;-118;98;0;0
28/11/2022;10:51:39.789;-118;98;0;0
28/11/2022;10:51:39.851;-118;98;0;0
28/11/2022;10:51:39.883;-118;98;0;0
28/11/2022;10:51:39.961;-118;98;0;0
28/11/2022;10:51:40.023;-118;98;0;0
28/11/2022;10:51:40.086;-118;97;0;-182
28/11/2022;10:51:40.164;-118;94;0;-182
28/11/2022;10:51:40.226;-118;89;0;-182
28/11/2022;10:51:40.273;-118;89;0;-182
28/11/2022;10:51:40.336;-118;84;0;-182
28/11/2022;10:51:40.414;-118;81;0;-198
28/11/2022;10:51:40.476;-118;76;0;-198
28/11/2022;10:51:40.524;-118;76;0;-198
28/11/2022;10:51:40.586;-118;71;0;-198
28/11/2022;10:51:40.664;-118;68;0;-198
28/11/2022;10:51:40.727;-118;62;0;-246
28/11/2022;10:51:40.773;-118;62;0;-246
28/11/2022;10:51:40.851;-118;55;0;-246
28/11/2022;10:51:40.930;-118;49;0;-246
28/11/2022;10:51:40.976;-118;49;0;-246
28/11/2022;10:51:41.023;-118;45;0;-224
28/11/2022;10:51:41.101;-118;39;0;-224
28/11/2022;10:51:41.148;-118;35;0;-224
28/11/2022;10:51:41.226;-118;32;0;-224
28/11/2022;10:51:41.289;-118;25;0;-307
28/11/2022;10:51:41.336;-118;22;0;-307
28/11/2022;10:51:41.414;-118;18;0;-307
28/11/2022;10:51:41.477;-118;11;0;-307
28/11/2022;10:51:41.523;-118;11;0;-307
28/11/2022;10:51:41.601;-118;3;0;-307
28/11/2022;10:51:41.648;-118;0;0;-276
28/11/2022;10:51:41.726;-118;-5;0;-276
28/11/2022;10:51:41.805;-118;-15;0;-276
28/11/2022;10:51:41.836;-118;-19;0;-276
28/11/2022;10:51:41.930;-118;-24;0;-276
28/11/2022;10:51:41.976;-118;-29;0;-266
28/11/2022;10:51:42.055;-118;-39;0;-266
28/11/2022;10:51:42.086;-118;-43;0;-266
28/11/2022;10:51:42.164;-118;-48;0;-266
28/11/2022;10:51:42.211;-118;-53;0;-266
28/11/2022;10:51:42.289;-118;-60;0;-241
28/11/2022;10:51:42.336;-118;-64;0;-241
28/11/2022;10:51:42.414;-118;-67;0;-241
28/11/2022;10:51:42.461;-118;-70;0;-241
28/11/2022;10:51:42.539;-118;-77;0;-245
28/11/2022;10:51:42.586;-118;-80;0;-245
28/11/2022;10:51:42.664;-118;-84;38;-245
28/11/2022;10:51:42.742;-118;-91;38;-245
28/11/2022;10:51:42.789;-118;-94;38;-245
28/11/2022;10:51:42.852;-118;-97;38;-231
28/11/2022;10:51:42.898;-118;-101;38;-231
28/11/2022;10:51:42.977;-118;-104;38;-231
28/11/2022;10:51:43.039;-118;-111;38;-231
28/11/2022;10:51:43.086;-118;-114;38;-231
28/11/2022;10:51:43.164;-118;-117;38;-220
28/11/2022;10:51:43.211;-118;-121;38;-220
28/11/2022;10:51:43.289;-118;-127;31;-220
28/11/2022;10:51:43.367;-118;-130;31;-220
28/11/2022;10:51:43.398;-118;-130;31;-220
28/11/2022;10:51:43.477;-118;-130;31;0
28/11/2022;10:51:43.523;-118;-130;0;0
28/11/2022;10:51:43.602;-118;-130;0;0
28/11/2022;10:51:43.680;-118;-130;0;0
28/11/2022;10:51:43.711;-118;-130;0;0
28/11/2022;10:51:43.789;-118;-130;0;0
28/11/2022;10:51:43.836;-118;-130;0;0
28/11/2022;10:51:43.898;-118;-130;0;0
28/11/2022;10:51:43.977;-118;-130;0;0
28/11/2022;10:51:44.024;-118;-130;0;0
28/11/2022;10:51:44.102;-118;-130;0;0
28/11/2022;10:51:44.180;-118;-130;0;0
28/11/2022;10:51:44.227;-118;-130;0;0
28/11/2022;10:51:44.305;-118;-130;0;0
28/11/2022;10:51:44.336;-118;-130;0;0
28/11/2022;10:51:44.414;-118;-130;0;0
28/11/2022;10:51:44.445;-118;-130;0;0
28/11/2022;10:51:44.524;-118;-130;0;0
28/11/2022;10:51:44.602;-118;-130;0;0
28/11/2022;10:51:44.664;-118;-130;0;0
28/11/2022;10:51:44.711;-118;-130;0;0
28/11/2022;10:51:44.774;-118;-130;0;0
28/11/2022;10:51:44.852;-118;-130;0;0
28/11/2022;10:51:44.914;-118;-130;0;0
28/11/2022;10:51:44.945;-118;-130;0;0
28/11/2022;10:51:45.024;-118;-130;0;0
28/11/2022;10:51:45.102;-118;-130;88;0
28/11/2022;10:51:45.164;-118;-130;88;0
28/11/2022;10:51:45.211;-118;-130;88;0
28/11/2022;10:51:45.274;-118;-130;88;0
28/11/2022;10:51:45.352;-118;-130;88;0
28/11/2022;10:51:45.414;-118;-130;688;0
28/11/2022;10:51:45.461;-114;-130;688;0
28/11/2022;10:51:45.539;-107;-127;688;177
28/11/2022;10:51:45.586;-102;-125;688;177
28/11/2022;10:51:45.680;-98;-123;688;177
28/11/2022;10:51:45.727;-95;-121;897;177
28/11/2022;10:51:45.805;-103;-117;897;158
28/11/2022;10:51:45.852;-108;-115;897;158
28/11/2022;10:51:45.899;-112;-113;897;158
28/11/2022;10:51:45.977;-117;-111;897;158
28/11/2022;10:51:46.024;-121;-109;897;158
28/11/2022;10:51:46.117;-131;-105;1122;158
28/11/2022;10:51:46.164;-134;-104;1122;0
28/11/2022;10:51:46.242;-141;-104;1122;0
28/11/2022;10:51:46.289;-145;-104;1122;0
28/11/2022;10:51:46.367;-149;-104;1096;0
28/11/2022;10:51:46.414;-152;-104;1096;0
28/11/2022;10:51:46.492;-159;-104;1096;0
28/11/2022;10:51:46.524;-163;-104;1096;0
28/11/2022;10:51:46.618;-167;-104;1096;-50
28/11/2022;10:51:46.664;-166;-104;1313;-50
28/11/2022;10:51:46.742;-159;-104;1313;-50
28/11/2022;10:51:46.789;-155;-104;1313;-50
28/11/2022;10:51:46.867;-152;-104;1313;-50
28/11/2022;10:51:46.914;-148;-104;1313;-35
28/11/2022;10:51:46.993;-150;-104;1012;-35
28/11/2022;10:51:47.039;-154;-104;1012;-35
28/11/2022;10:51:47.117;-158;-104;1012;-35
28/11/2022;10:51:47.164;-161;-104;1012;-35
28/11/2022;10:51:47.242;-166;-104;739;-75
28/11/2022;10:51:47.305;-162;-104;739;-75
28/11/2022;10:51:47.339;-159;-104;739;-75
28/11/2022;10:51:47.386;-155;-104;739;-75
28/11/2022;10:51:47.433;-152;-104;739;-75
28/11/2022;10:51:47.527;-148;-104;739;-77
28/11/2022;10:51:47.574;-144;-104;508;-77
28/11/2022;10:51:47.620;-141;-104;508;-77
28/11/2022;10:51:47.714;-133;-104;508;-77
28/11/2022;10:51:47.761;-130;-104;508;-77
28/11/2022;10:51:47.808;-126;-104;508;-97
28/11/2022;10:51:47.886;-119;-104;441;-97
28/11/2022;10:51:47.933;-115;-104;441;-97
28/11/2022;10:51:48.011;-111;-104;441;-97
28/11/2022;10:51:48.058;-108;-104;441;-97
28/11/2022;10:51:48.136;-101;-104;441;-76
28/11/2022;10:51:48.183;-97;-104;572;-76
28/11/2022;10:51:48.277;-93;-104;572;-76
28/11/2022;10:51:48.324;-90;-104;572;-76
28/11/2022;10:51:48.402;-82;-104;572;-76
28/11/2022;10:51:48.449;-79;-104;572;-70
28/11/2022;10:51:48.496;-75;-104;540;-70
28/11/2022;10:51:48.605;-68;-104;540;-70
28/11/2022;10:51:48.652;-64;-104;540;-70
28/11/2022;10:51:48.699;-60;-104;540;-70
28/11/2022;10:51:48.792;-53;-104;527;-55
28/11/2022;10:51:48.839;-50;-104;527;-55
28/11/2022;10:51:48.902;-46;-104;527;-55
28/11/2022;10:51:48.949;-42;-104;527;-55
28/11/2022;10:51:48.996;-39;-104;527;-55
28/11/2022;10:51:49.089;-31;-104;559;-42
28/11/2022;10:51:49.152;-28;-104;559;-42
28/11/2022;10:51:49.199;-24;-104;559;-42
28/11/2022;10:51:49.246;-20;-104;559;-42
28/11/2022;10:51:49.339;-13;-104;559;-53
28/11/2022;10:51:49.386;-9;-104;490;-53
28/11/2022;10:51:49.449;-6;-104;490;-53
28/11/2022;10:51:49.527;-2;-104;490;-53
28/11/2022;10:51:49.574;1;-104;490;-53
28/11/2022;10:51:49.621;4;-104;490;-53
28/11/2022;10:51:49.699;12;-104;479;-46
28/11/2022;10:51:49.761;15;-104;479;-46
28/11/2022;10:51:49.839;23;-104;479;-46
28/11/2022;10:51:49.886;26;-104;479;-46
28/11/2022;10:51:49.949;30;-104;479;-68
28/11/2022;10:51:50.043;37;-104;303;-68
28/11/2022;10:51:50.089;41;-104;303;-68
28/11/2022;10:51:50.152;44;-104;303;-68
28/11/2022;10:51:50.199;48;-104;303;-68
28/11/2022;10:51:50.261;52;-104;303;-68
28/11/2022;10:51:50.308;55;-104;303;-34
28/11/2022;10:51:50.402;59;-104;157;-34
28/11/2022;10:51:50.464;61;-104;157;-34
28/11/2022;10:51:50.511;63;-104;157;-34
28/11/2022;10:51:50.558;65;-104;157;-34
28/11/2022;10:51:50.652;71;-104;313;0
28/11/2022;10:51:50.714;74;-104;313;0
28/11/2022;10:51:50.761;78;-104;313;0
28/11/2022;10:51:50.808;82;-104;313;0
28/11/2022;10:51:50.902;89;-104;313;-37
28/11/2022;10:51:50.964;91;-104;112;-37
28/11/2022;10:51:51.027;92;-104;112;-37
28/11/2022;10:51:51.074;94;-104;112;-37
28/11/2022;10:51:51.136;96;-104;112;-37
28/11/2022;10:51:51.214;97;-104;112;0
28/11/2022;10:51:51.293;105;-104;279;0
28/11/2022;10:51:51.324;110;-104;279;0
28/11/2022;10:51:51.386;110;-104;279;0
28/11/2022;10:51:51.464;119;-104;279;0
28/11/2022;10:51:51.511;124;-104;279;-29
28/11/2022;10:51:51.558;128;-104;0;-29
28/11/2022;10:51:51.652;128;-104;0;-29
28/11/2022;10:51:51.699;128;-104;0;-29
28/11/2022;10:51:51.746;128;-104;0;-29
28/11/2022;10:51:51.824;128;-104;0;0
28/11/2022;10:51:51.886;128;-104;0;0
28/11/2022;10:51:51.965;128;-104;0;0
28/11/2022;10:51:52.011;128;-104;0;0
28/11/2022;10:51:52.090;128;-104;0;0
28/11/2022;10:51:52.136;128;-104;0;0
28/11/2022;10:51:52.215;128;-104;0;0
28/11/2022;10:51:52.261;128;-104;0;0
28/11/2022;10:51:52.308;128;-104;0;0
28/11/2022;10:51:52.386;128;-104;0;0
28/11/2022;10:51:52.433;128;-104;0;0
28/11/2022;10:51:52.527;129;-104;103;0
28/11/2022;10:51:52.574;130;-104;103;0
28/11/2022;10:51:52.621;131;-104;103;0
28/11/2022;10:51:52.715;133;-104;103;0
28/11/2022;10:51:52.761;134;-104;103;-49
28/11/2022;10:51:52.808;135;-104;27;-49
28/11/2022;10:51:52.902;135;-104;27;-49
28/11/2022;10:51:52.949;135;-104;27;-49
28/11/2022;10:51:53.011;135;-104;27;-49
28/11/2022;10:51:53.074;135;-104;27;-53
28/11/2022;10:51:53.121;135;-104;0;-53
28/11/2022;10:51:53.199;135;-104;-36;-53
28/11/2022;10:51:53.246;135;-104;-36;-53
28/11/2022;10:51:53.324;135;-104;-36;-53
28/11/2022;10:51:53.371;135;-104;-36;-50
28/11/2022;10:51:53.449;135;-104;-46;-50
28/11/2022;10:51:53.496;135;-104;-46;-50
28/11/2022;10:51:53.574;135;-104;-46;-50
28/11/2022;10:51:53.621;135;-104;-46;-50
28/11/2022;10:51:53.699;135;-104;-46;0
28/11/2022;10:51:53.746;134;-104;-375;0
28/11/2022;10:51:53.840;126;-104;-375;245
28/11/2022;10:51:53.902;123;-100;-375;245
28/11/2022;10:51:53.949;119;-97;-375;245
28/11/2022;10:51:54.043;113;-91;-640;245
28/11/2022;10:51:54.090;109;-87;-640;245
28/11/2022;10:51:54.137;106;-84;-640;266
28/11/2022;10:51:54.199;102;-81;-640;266
28/11/2022;10:51:54.246;99;-77;-640;266
28/11/2022;10:51:54.355;92;-71;-720;266
28/11/2022;10:51:54.402;88;-67;-720;266
28/11/2022;10:51:54.449;85;-64;-720;252
28/11/2022;10:51:54.512;81;-61;-720;252
28/11/2022;10:51:54.574;78;-57;-720;252
28/11/2022;10:51:54.652;71;-51;-720;252
28/11/2022;10:51:54.715;68;-47;-596;252
28/11/2022;10:51:54.777;64;-44;-596;252
28/11/2022;10:51:54.840;60;-41;-596;259
28/11/2022;10:51:54.887;53;-34;-596;259
28/11/2022;10:51:54.949;50;-31;-596;259
28/11/2022;10:51:55.043;43;-24;-399;259
28/11/2022;10:51:55.105;39;-21;-399;284
28/11/2022;10:51:55.168;36;-17;-399;284
28/11/2022;10:51:55.215;32;-13;-399;284
28/11/2022;10:51:55.277;28;-10;-399;284
28/11/2022;10:51:55.340;23;0;-185;284
28/11/2022;10:51:55.402;20;3;-185;262
28/11/2022;10:51:55.465;18;8;-185;262
28/11/2022;10:51:55.527;16;12;-185;262
28/11/2022;10:51:55.590;10;21;-343;262
28/11/2022;10:51:55.652;7;24;-343;262
28/11/2022;10:51:55.699;3;27;-343;164
28/11/2022;10:51:55.762;0;29;-343;164
28/11/2022;10:51:55.824;-5;32;-343;164
28/11/2022;10:51:55.887;-14;36;-280;164
28/11/2022;10:51:55.949;-18;38;-280;164
28/11/2022;10:51:56.012;-23;40;-280;114
28/11/2022;10:51:56.074;-28;42;-280;114
28/11/2022;10:51:56.137;-37;44;-280;114
28/11/2022;10:51:56.184;-42;46;-233;114
28/11/2022;10:51:56.293;-49;48;-233;110
28/11/2022;10:51:56.340;-52;50;-233;110
28/11/2022;10:51:56.387;-55;51;-233;110
28/11/2022;10:51:56.449;-58;52;-233;110
28/11/2022;10:51:56.543;-63;55;-105;110
28/11/2022;10:51:56.590;-64;56;-105;87
28/11/2022;10:51:56.652;-65;56;-105;87
28/11/2022;10:51:56.715;-67;56;-105;87
28/11/2022;10:51:56.777;-68;56;-105;87
28/11/2022;10:51:56.824;-69;56;-105;87
28/11/2022;10:51:56.887;-69;56;-28;87
28/11/2022;10:51:56.934;-69;56;-28;38
28/11/2022;10:51:57.027;-69;56;-28;38
28/11/2022;10:51:57.090;-69;56;-28;38
28/11/2022;10:51:57.137;-69;56;-66;38
28/11/2022;10:51:57.199;-69;56;-66;38
28/11/2022;10:51:57.293;-69;56;-66;0
28/11/2022;10:51:57.340;-69;56;-66;0
28/11/2022;10:51:57.402;-69;56;-66;0
28/11/2022;10:51:57.449;-70;56;-129;0
28/11/2022;10:51:57.512;-72;56;-129;0
28/11/2022;10:51:57.606;-75;56;-129;68
28/11/2022;10:51:57.652;-76;56;-129;68
28/11/2022;10:51:57.699;-78;56;-129;68
28/11/2022;10:51:57.762;-81;56;-288;68
28/11/2022;10:51:57.809;-86;56;-288;68
28/11/2022;10:51:57.903;-97;56;-288;69
28/11/2022;10:51:57.949;-103;56;-288;69
28/11/2022;10:51:58.012;-108;56;-288;69
28/11/2022;10:51:58.106;-114;56;-102;69
28/11/2022;10:51:58.152;-115;57;-102;359
28/11/2022;10:51:58.215;-116;60;-102;359
28/11/2022;10:51:58.277;-117;64;-102;359
28/11/2022;10:51:58.324;-119;68;-102;359
28/11/2022;10:51:58.387;-120;71;0;359
28/11/2022;10:51:58.434;-120;79;0;458
28/11/2022;10:51:58.527;-120;82;0;458
28/11/2022;10:51:58.574;-120;86;0;458
28/11/2022;10:51:58.637;-120;90;0;458
28/11/2022;10:51:58.684;-120;97;-38;458
28/11/2022;10:51:58.778;-120;100;-38;202
28/11/2022;10:51:58.840;-120;106;-38;202
28/11/2022;10:51:58.887;-120;109;-38;202
28/11/2022;10:51:58.949;-120;112;-38;202
28/11/2022;10:51:59.028;-120;115;-70;202
28/11/2022;10:51:59.090;-120;119;-70;0
28/11/2022;10:51:59.168;-120;119;-70;0
28/11/2022;10:51:59.215;-120;119;-70;0
28/11/2022;10:51:59.278;-120;119;-70;-82
28/11/2022;10:51:59.340;-123;119;-151;-82
28/11/2022;10:51:59.403;-125;119;-151;-82
28/11/2022;10:51:59.465;-127;119;-151;-82
28/11/2022;10:51:59.512;-129;119;-151;-82
28/11/2022;10:51:59.574;-131;119;-151;-81
28/11/2022;10:51:59.653;-132;119;0;-81
28/11/2022;10:51:59.715;-132;119;0;-81
28/11/2022;10:51:59.762;-132;119;0;-81
28/11/2022;10:51:59.809;-132;119;0;-81
28/11/2022;10:51:59.887;-131;119;187;-43
28/11/2022;10:51:59.950;-128;119;187;-43
28/11/2022;10:52:00.012;-126;119;187;-43
28/11/2022;10:52:00.075;-123;119;187;-43
28/11/2022;10:52:00.168;-118;119;187;0
28/11/2022;10:52:00.215;-116;119;114;0
28/11/2022;10:52:00.278;-115;119;114;0
28/11/2022;10:52:00.340;-112;119;114;0
28/11/2022;10:52:00.387;-111;119;114;0
28/11/2022;10:52:00.450;-110;119;114;0
28/11/2022;10:52:00.512;-108;119;147;0
28/11/2022;10:52:00.560;-106;119;147;0
28/11/2022;10:52:00.669;-102;119;147;0
28/11/2022;10:52:00.716;-100;119;147;0
28/11/2022;10:52:00.778;-96;119;255;-27
28/11/2022;10:52:00.856;-92;119;255;-27
28/11/2022;10:52:00.919;-87;119;255;-27
28/11/2022;10:52:00.981;-82;119;255;-27
28/11/2022;10:52:01.028;-78;119;255;-27
28/11/2022;10:52:01.091;-68;119;255;0
28/11/2022;10:52:01.153;-63;119;292;0
28/11/2022;10:52:01.216;-59;119;292;0
28/11/2022;10:52:01.278;-54;119;292;0
28/11/2022;10:52:01.325;-49;119;292;0
28/11/2022;10:52:01.372;-44;119;292;0
28/11/2022;10:52:01.481;-36;119;242;0
28/11/2022;10:52:01.544;-29;119;242;0
28/11/2022;10:52:01.591;-26;119;242;0
28/11/2022;10:52:01.638;-23;119;242;0
28/11/2022;10:52:01.700;-19;119;242;0
28/11/2022;10:52:01.763;-16;119;194;0
28/11/2022;10:52:01.856;-11;119;194;0
28/11/2022;10:52:01.919;-9;119;194;0
28/11/2022;10:52:01.966;-6;119;194;0
28/11/2022;10:52:02.028;-4;119;194;0
28/11/2022;10:52:02.075;-1;119;176;0
28/11/2022;10:52:02.138;3;119;176;0
28/11/2022;10:52:02.200;5;119;176;0
28/11/2022;10:52:02.294;10;119;176;0
28/11/2022;10:52:02.341;13;119;216;0
28/11/2022;10:52:02.403;16;119;216;0
28/11/2022;10:52:02.450;19;119;216;0
28/11/2022;10:52:02.513;22;119;216;0
28/11/2022;10:52:02.607;29;119;216;0
28/11/2022;10:52:02.653;32;119;237;0
28/11/2022;10:52:02.716;35;119;237;0
28/11/2022;10:52:02.763;39;119;237;0
28/11/2022;10:52:02.810;42;119;237;0
28/11/2022;10:52:02.919;49;119;237;0
28/11/2022;10:52:02.966;52;119;214;0
28/11/2022;10:52:03.013;55;119;214;0
28/11/2022;10:52:03.075;58;119;214;0
28/11/2022;10:52:03.138;62;119;214;0
28/11/2022;10:52:03.232;68;119;214;0
28/11/2022;10:52:03.278;71;119;201;0
28/11/2022;10:52:03.341;78;119;201;0
28/11/2022;10:52:03.388;81;119;201;0
28/11/2022;10:52:03.450;84;119;201;0
28/11/2022;10:52:03.544;91;119;201;0
28/11/2022;10:52:03.591;93;119;190;0
28/11/2022;10:52:03.653;96;119;190;0
28/11/2022;10:52:03.700;98;119;190;0
28/11/2022;10:52:03.763;101;119;190;0
28/11/2022;10:52:03.810;103;119;190;0
28/11/2022;10:52:03.919;108;119;181;0
28/11/2022;10:52:03.981;111;119;181;0
28/11/2022;10:52:04.044;113;119;181;0
28/11/2022;10:52:04.091;118;119;181;0
28/11/2022;10:52:04.153;121;119;181;0
28/11/2022;10:52:04.216;123;119;185;0
28/11/2022;10:52:04.278;126;119;185;0
28/11/2022;10:52:04.341;128;119;185;0
28/11/2022;10:52:04.388;133;119;185;0
28/11/2022;10:52:04.450;136;119;185;0
28/11/2022;10:52:04.513;138;119;151;0
28/11/2022;10:52:04.575;140;119;151;0
28/11/2022;10:52:04.638;142;119;151;0
28/11/2022;10:52:04.700;146;119;151;0
28/11/2022;10:52:04.810;150;119;0;-40
28/11/2022;10:52:04.888;150;119;-92;-40
