Date;Time;x;y;fx;fy
28/11/2022;10:52:25.424;120;-120;0;0
28/11/2022;10:52:25.471;120;-120;0;0
28/11/2022;10:52:25.518;120;-120;0;0
28/11/2022;10:52:25.580;120;-120;0;0
28/11/2022;10:52:25.643;120;-120;0;0
28/11/2022;10:52:25.705;120;-120;0;0
28/11/2022;10:52:25.768;120;-120;0;0
28/11/2022;10:52:25.830;120;-120;0;0
28/11/2022;10:52:25.893;120;-120;0;0
28/11/2022;10:52:25.955;120;-120;0;0
28/11/2022;10:52:26.018;120;-120;0;0
28/11/2022;10:52:26.080;120;-120;0;0
28/11/2022;10:52:26.143;120;-120;0;0
28/11/2022;10:52:26.205;120;-120;0;0
28/11/2022;10:52:26.268;120;-120;0;0
28/11/2022;10:52:26.330;120;-120;0;0
28/11/2022;10:52:26.393;120;-120;0;0
28/11/2022;10:52:26.455;120;-120;0;0
28/11/2022;10:52:26.518;120;-120;0;0
28/11/2022;10:52:26.580;120;-120;40;0
28/11/2022;10:52:26.643;120;-119;40;107
28/11/2022;10:52:26.721;120;-117;40;107
28/11/2022;10:52:26.768;120;-115;40;107
28/11/2022;10:52:26.831;120;-114;40;107
28/11/2022;10:52:26.893;120;-113;85;107
28/11/2022;10:52:26.956;120;-109;85;196
28/11/2022;10:52:27.018;120;-107;85;196
28/11/2022;10:52:27.081;120;-104;85;196
28/11/2022;10:52:27.143;120;-102;85;196
28/11/2022;10:52:27.206;120;-97;78;196
28/11/2022;10:52:27.268;120;-93;78;238
28/11/2022;10:52:27.331;120;-90;78;238
28/11/2022;10:52:27.393;120;-87;78;238
28/11/2022;10:52:27.456;120;-80;78;238
28/11/2022;10:52:27.518;120;-77;49;238
28/11/2022;10:52:27.581;120;-73;49;306
28/11/2022;10:52:27.643;120;-70;49;306
28/11/2022;10:52:27.706;120;-62;49;306
28/11/2022;10:52:27.768;120;-59;49;306
28/11/2022;10:52:27.831;120;-55;0;306
28/11/2022;10:52:27.893;120;-52;0;231
28/11/2022;10:52:27.956;120;-45;0;231
28/11/2022;10:52:28.018;120;-42;0;231
28/11/2022;10:52:28.081;120;-39;0;231
28/11/2022;10:52:28.143;120;-35;27;231
28/11/2022;10:52:28.206;120;-29;27;213
28/11/2022;10:52:28.268;120;-26;27;213
28/11/2022;10:52:28.331;120;-22;27;213
28/11/2022;10:52:28.393;120;-19;27;213
28/11/2022;10:52:28.456;120;-13;0;231
28/11/2022;10:52:28.518;120;-9;0;231
28/11/2022;10:52:28.581;120;-6;0;231
28/11/2022;10:52:28.643;120;-3;0;231
28/11/2022;10:52:28.706;120;3;0;231
28/11/2022;10:52:28.768;120;6;0;231
28/11/2022;10:52:28.831;120;9;0;170
28/11/2022;10:52:28.893;120;12;0;170
28/11/2022;10:52:28.956;120;17;0;170
28/11/2022;10:52:29.018;120;19;0;170
28/11/2022;10:52:29.081;120;22;0;170
28/11/2022;10:52:29.143;120;24;0;182
28/11/2022;10:52:29.206;120;29;0;182
28/11/2022;10:52:29.268;120;32;0;182
28/11/2022;10:52:29.331;120;34;0;182
28/11/2022;10:52:29.393;120;37;0;182
28/11/2022;10:52:29.456;120;42;0;179
28/11/2022;10:52:29.518;120;44;0;179
28/11/2022;10:52:29.581;120;47;0;179
28/11/2022;10:52:29.643;120;49;0;179
28/11/2022;10:52:29.706;120;54;0;179
28/11/2022;10:52:29.768;120;57;0;193
28/11/2022;10:52:29.831;120;59;0;193
28/11/2022;10:52:29.893;120;62;0;193
28/11/2022;10:52:29.956;120;67;0;193
28/11/2022;10:52:30.018;120;69;0;193
28/11/2022;10:52:30.081;120;72;0;205
28/11/2022;10:52:30.143;120;76;0;205
28/11/2022;10:52:30.206;120;82;0;205
28/11/2022;10:52:30.268;120;85;0;205
28/11/2022;10:52:30.331;120;89;0;205
28/11/2022;10:52:30.393;120;92;0;180
28/11/2022;10:52:30.456;120;97;0;180
28/11/2022;10:52:30.518;120;99;0;180
28/11/2022;10:52:30.581;120;102;0;180
28/11/2022;10:52:30.644;120;104;0;180
28/11/2022;10:52:30.706;120;109;0;195
28/11/2022;10:52:30.769;120;112;0;195
28/11/2022;10:52:30.847;120;114;0;195
28/11/2022;10:52:30.894;120;117;0;195
28/11/2022;10:52:30.956;120;122;0;150
28/11/2022;10:52:31.019;120;124;0;150
28/11/2022;10:52:31.081;120;126;0;150
28/11/2022;10:52:31.159;120;130;0;150
28/11/2022;10:52:31.206;120;130;0;150
28/11/2022;10:52:31.269;120;130;0;0
28/11/2022;10:52:31.331;120;130;0;0
28/11/2022;10:52:31.394;120;130;0;0
28/11/2022;10:52:31.456;120;130;0;0
28/11/2022;10:52:31.519;120;130;0;0
28/11/2022;10:52:31.581;120;130;0;0
28/11/2022;10:52:31.659;120;130;0;0
28/11/2022;10:52:31.706;120;130;0;0
28/11/2022;10:52:31.769;120;130;0;0
28/11/2022;10:52:31.831;120;130;0;0
28/11/2022;10:52:31.894;120;130;0;0
28/11/2022;10:52:31.956;120;130;0;58
28/11/2022;10:52:32.019;120;130;0;58
28/11/2022;10:52:32.081;120;130;0;58
28/11/2022;10:52:32.144;120;130;0;58
28/11/2022;10:52:32.206;120;130;0;70
28/11/2022;10:52:32.269;120;130;0;70
28/11/2022;10:52:32.331;120;130;0;70
28/11/2022;10:52:32.394;120;130;0;70
28/11/2022;10:52:32.456;120;130;0;70
28/11/2022;10:52:32.519;120;130;0;91
28/11/2022;10:52:32.581;120;130;0;91
28/11/2022;10:52:32.644;120;130;0;91
28/11/2022;10:52:32.706;120;130;0;91
28/11/2022;10:52:32.769;120;130;0;91
28/11/2022;10:52:32.831;120;130;0;101
28/11/2022;10:52:32.894;120;130;0;101
28/11/2022;10:52:32.957;120;130;0;101
28/11/2022;10:52:33.019;120;130;0;101
28/11/2022;10:52:33.081;120;130;0;101
28/11/2022;10:52:33.144;120;130;0;107
28/11/2022;10:52:33.207;120;130;0;107
28/11/2022;10:52:33.269;120;130;0;107
28/11/2022;10:52:33.331;120;130;0;107
28/11/2022;10:52:33.394;120;130;0;107
28/11/2022;10:52:33.472;120;130;0;112
28/11/2022;10:52:33.519;120;130;0;112
28/11/2022;10:52:33.581;120;130;0;112
28/11/2022;10:52:33.644;120;130;0;112
28/11/2022;10:52:33.707;120;130;0;73
28/11/2022;10:52:33.769;120;130;0;73
28/11/2022;10:52:33.831;120;130;0;73
28/11/2022;10:52:33.894;120;130;0;73
28/11/2022;10:52:33.956;120;130;-74;73
28/11/2022;10:52:34.019;120;130;-74;73
28/11/2022;10:52:34.081;120;130;-74;0
28/11/2022;10:52:34.144;120;130;-74;0
28/11/2022;10:52:34.206;117;130;-240;0
28/11/2022;10:52:34.285;113;130;-240;0
28/11/2022;10:52:34.347;109;130;-240;0
28/11/2022;10:52:34.394;106;130;-240;0
28/11/2022;10:52:34.457;98;130;-240;0
28/11/2022;10:52:34.519;94;130;-405;0
28/11/2022;10:52:34.582;90;130;-405;0
28/11/2022;10:52:34.644;87;130;-405;0
28/11/2022;10:52:34.707;79;130;-405;0
28/11/2022;10:52:34.769;75;130;-405;0
28/11/2022;10:52:34.847;71;130;-558;0
28/11/2022;10:52:34.894;67;130;-558;0
28/11/2022;10:52:34.957;60;130;-558;0
28/11/2022;10:52:35.019;56;129;-558;-232
28/11/2022;10:52:35.082;53;125;-558;-232
28/11/2022;10:52:35.144;49;122;-453;-232
28/11/2022;10:52:35.207;42;115;-453;-232
28/11/2022;10:52:35.269;39;112;-453;-232
28/11/2022;10:52:35.347;35;109;-453;-182
28/11/2022;10:52:35.394;31;107;-453;-182
28/11/2022;10:52:35.457;21;102;-283;-182
28/11/2022;10:52:35.519;17;100;-283;-182
28/11/2022;10:52:35.597;12;97;-283;-182
28/11/2022;10:52:35.644;7;95;-283;-193
28/11/2022;10:52:35.707;-1;90;-297;-193
28/11/2022;10:52:35.769;-6;88;-297;-193
28/11/2022;10:52:35.848;-10;85;-297;-193
28/11/2022;10:52:35.894;-14;83;-297;-193
28/11/2022;10:52:35.957;-22;78;-297;-245
28/11/2022;10:52:36.019;-26;74;-297;-245
28/11/2022;10:52:36.082;-27;71;-78;-245
28/11/2022;10:52:36.144;-27;68;-78;-245
28/11/2022;10:52:36.207;-27;61;-78;-245
28/11/2022;10:52:36.269;-27;56;-78;-284
28/11/2022;10:52:36.347;-27;51;-78;-284
28/11/2022;10:52:36.394;-27;47;-68;-284
28/11/2022;10:52:36.457;-27;37;-68;-284
28/11/2022;10:52:36.519;-27;32;-68;-284
28/11/2022;10:52:36.582;-27;28;-68;-235
28/11/2022;10:52:36.644;-27;25;-68;-235
28/11/2022;10:52:36.707;-27;18;-97;-235
28/11/2022;10:52:36.769;-27;15;-97;-235
28/11/2022;10:52:36.848;-27;12;-97;-235
28/11/2022;10:52:36.910;-27;5;-97;-298
28/11/2022;10:52:36.972;-28;1;-461;-298
28/11/2022;10:52:37.035;-33;-3;-461;-298
28/11/2022;10:52:37.113;-42;-13;-461;-298
28/11/2022;10:52:37.176;-47;-17;-461;-177
28/11/2022;10:52:37.238;-51;-19;-461;-177
28/11/2022;10:52:37.300;-56;-21;-663;-177
28/11/2022;10:52:37.363;-65;-26;-663;-177
28/11/2022;10:52:37.394;-65;-26;-663;-177
28/11/2022;10:52:37.457;-74;-30;-663;-170
28/11/2022;10:52:37.519;-78;-32;-663;-170
28/11/2022;10:52:37.582;-83;-35;-646;-170
28/11/2022;10:52:37.644;-87;-37;-646;-170
28/11/2022;10:52:37.707;-96;-42;-646;-170
28/11/2022;10:52:37.785;-100;-44;-646;-103
28/11/2022;10:52:37.847;-104;-45;-646;-103
28/11/2022;10:52:37.910;-111;-47;-347;-103
28/11/2022;10:52:37.972;-115;-49;-347;-103
28/11/2022;10:52:38.051;-118;-50;-347;-103
28/11/2022;10:52:38.113;-125;-53;-347;-133
28/11/2022;10:52:38.176;-129;-54;-347;-133
28/11/2022;10:52:38.207;-130;-56;-67;-133
28/11/2022;10:52:38.285;-130;-58;-67;-133
28/11/2022;10:52:38.363;-130;-61;-67;-133
28/11/2022;10:52:38.426;-130;-61;-67;-63
28/11/2022;10:52:38.457;-127;-61;383;-63
28/11/2022;10:52:38.535;-123;-61;383;-63
28/11/2022;10:52:38.597;-120;-61;383;-63
28/11/2022;10:52:38.660;-112;-61;383;-63
28/11/2022;10:52:38.738;-109;-61;383;105
28/11/2022;10:52:38.801;-107;-60;0;105
28/11/2022;10:52:38.847;-109;-59;-359;105
28/11/2022;10:52:38.926;-116;-56;-359;105
28/11/2022;10:52:38.988;-119;-55;-359;105
28/11/2022;10:52:39.051;-124;-52;-359;473
28/11/2022;10:52:39.097;-128;-47;-359;473
28/11/2022;10:52:39.160;-138;-38;-546;473
28/11/2022;10:52:39.238;-143;-33;-546;473
28/11/2022;10:52:39.301;-147;-28;-546;473
28/11/2022;10:52:39.363;-157;-20;-546;-36
28/11/2022;10:52:39.410;-160;-20;-124;-36
28/11/2022;10:52:39.488;-161;-20;-124;-36
28/11/2022;10:52:39.551;-163;-20;-124;-36
28/11/2022;10:52:39.613;-166;-20;-124;-121
28/11/2022;10:52:39.676;-167;-22;-124;-121
28/11/2022;10:52:39.738;-169;-23;-85;-121
28/11/2022;10:52:39.770;-169;-25;-85;-121
28/11/2022;10:52:39.832;-169;-26;-85;-121
28/11/2022;10:52:39.894;-169;-28;-85;-121
28/11/2022;10:52:39.957;-169;-29;-85;-37
28/11/2022;10:52:40.035;-169;-29;0;-37
28/11/2022;10:52:40.098;-169;-29;0;-37
28/11/2022;10:52:40.144;-169;-29;0;-37
28/11/2022;10:52:40.223;-169;-29;0;-37
28/11/2022;10:52:40.285;-169;-29;0;-31
28/11/2022;10:52:40.348;-169;-29;0;-31
28/11/2022;10:52:40.410;-169;-29;-26;-31
28/11/2022;10:52:40.473;-169;-29;-26;-31
28/11/2022;10:52:40.535;-169;-29;-26;-31
28/11/2022;10:52:40.582;-169;-29;-26;-35
28/11/2022;10:52:40.660;-169;-29;-26;-35
28/11/2022;10:52:40.723;-169;-29;-27;-35
28/11/2022;10:52:40.785;-169;-29;-27;-35
28/11/2022;10:52:40.848;-169;-29;-27;-35
28/11/2022;10:52:40.926;-169;-29;-27;-51
28/11/2022;10:52:40.973;-169;-29;0;-51
28/11/2022;10:52:41.035;-169;-29;0;-51
28/11/2022;10:52:41.098;-169;-29;0;-51
28/11/2022;10:52:41.176;-169;-29;0;-28
28/11/2022;10:52:41.238;-169;-29;0;-28
28/11/2022;10:52:41.285;-169;-29;0;-28
28/11/2022;10:52:41.348;-169;-29;0;-28
28/11/2022;10:52:41.410;-169;-29;0;-28
28/11/2022;10:52:41.473;-169;-29;0;0
28/11/2022;10:52:41.535;-169;-29;0;0
28/11/2022;10:52:41.582;-169;-29;0;0
28/11/2022;10:52:41.645;-169;-29;0;0
28/11/2022;10:52:41.707;-169;-29;0;0
28/11/2022;10:52:41.770;-169;-29;0;0
28/11/2022;10:52:41.832;-169;-29;30;0
28/11/2022;10:52:41.910;-169;-29;30;0
28/11/2022;10:52:41.973;-169;-29;30;0
28/11/2022;10:52:42.020;-169;-29;30;0
28/11/2022;10:52:42.082;-169;-29;30;0
28/11/2022;10:52:42.145;-169;-29;0;0
28/11/2022;10:52:42.207;-169;-29;0;0
28/11/2022;10:52:42.270;-169;-29;0;0
28/11/2022;10:52:42.348;-169;-29;0;0
28/11/2022;10:52:42.410;-169;-29;0;0
28/11/2022;10:52:42.457;-169;-29;0;0
28/11/2022;10:52:42.520;-169;-29;0;0
28/11/2022;10:52:42.582;-169;-29;0;0
28/11/2022;10:52:42.645;-169;-29;0;0
28/11/2022;10:52:42.707;-169;-29;0;0
28/11/2022;10:52:42.770;-169;-35;0;-228
28/11/2022;10:52:42.848;-169;-39;-40;-228
28/11/2022;10:52:42.910;-169;-42;-40;-228
28/11/2022;10:52:42.973;-169;-49;-40;-228
28/11/2022;10:52:43.035;-169;-52;-40;-192
28/11/2022;10:52:43.098;-169;-54;43;-192
28/11/2022;10:52:43.176;-169;-59;43;-192
28/11/2022;10:52:43.238;-169;-62;43;-192
28/11/2022;10:52:43.301;-169;-64;43;-192
28/11/2022;10:52:43.348;-169;-67;43;-156
28/11/2022;10:52:43.426;-169;-71;54;-156
28/11/2022;10:52:43.488;-169;-73;54;-156
28/11/2022;10:52:43.535;-169;-75;54;-156
28/11/2022;10:52:43.598;-169;-77;54;-156
28/11/2022;10:52:43.676;-169;-81;0;-144
28/11/2022;10:52:43.723;-169;-82;0;-144
28/11/2022;10:52:43.785;-169;-84;0;-144
28/11/2022;10:52:43.863;-169;-86;0;-144
28/11/2022;10:52:43.926;-169;-89;0;-71
28/11/2022;10:52:43.988;-169;-89;0;-71
28/11/2022;10:52:44.035;-169;-89;0;-71
28/11/2022;10:52:44.082;-169;-89;0;-71
28/11/2022;10:52:44.145;-169;-89;0;-71
28/11/2022;10:52:44.207;-169;-89;0;-172
28/11/2022;10:52:44.270;-169;-92;0;-172
28/11/2022;10:52:44.348;-169;-94;0;-172
28/11/2022;10:52:44.410;-169;-99;-51;-172
28/11/2022;10:52:44.473;-169;-102;-51;-172
28/11/2022;10:52:44.551;-169;-104;-51;-172
28/11/2022;10:52:44.614;-169;-107;-51;-171
28/11/2022;10:52:44.676;-169;-112;-51;-171
28/11/2022;10:52:44.739;-169;-114;0;-171
28/11/2022;10:52:44.785;-169;-117;0;-171
28/11/2022;10:52:44.848;-169;-120;0;-171
28/11/2022;10:52:44.926;-169;-120;29;0
28/11/2022;10:52:44.973;-169;-119;29;123
28/11/2022;10:52:45.051;-169;-117;29;123
28/11/2022;10:52:45.129;-169;-114;29;123
28/11/2022;10:52:45.176;-169;-113;29;123
28/11/2022;10:52:45.254;-169;-112;0;123
28/11/2022;10:52:45.301;-169;-111;0;29
28/11/2022;10:52:45.364;-169;-111;0;29
28/11/2022;10:52:45.395;-169;-111;0;29
28/11/2022;10:52:45.457;-169;-111;0;29
28/11/2022;10:52:45.520;-169;-111;0;29
28/11/2022;10:52:45.582;-169;-111;0;0
28/11/2022;10:52:45.660;-169;-111;0;0
28/11/2022;10:52:45.723;-169;-111;0;0
28/11/2022;10:52:45.785;-169;-111;0;0
28/11/2022;10:52:45.848;-169;-111;0;0
28/11/2022;10:52:45.910;-169;-111;0;0
28/11/2022;10:52:45.973;-169;-111;0;0
28/11/2022;10:52:46.036;-169;-111;0;0
28/11/2022;10:52:46.098;-169;-111;0;0
28/11/2022;10:52:46.160;-169;-111;0;0
28/11/2022;10:52:46.223;-169;-111;0;0
28/11/2022;10:52:46.285;-169;-111;0;0
28/11/2022;10:52:46.364;-169;-111;0;0
28/11/2022;10:52:46.426;-169;-111;0;0
28/11/2022;10:52:46.473;-169;-111;0;0
28/11/2022;10:52:46.520;-169;-111;0;0
28/11/2022;10:52:46.598;-169;-111;0;0
28/11/2022;10:52:46.661;-169;-111;0;0
28/11/2022;10:52:46.707;-169;-111;34;0
28/11/2022;10:52:46.786;-169;-111;34;0
28/11/2022;10:52:46.848;-169;-111;34;0
28/11/2022;10:52:46.911;-169;-111;34;0
28/11/2022;10:52:46.973;-169;-111;34;0
28/11/2022;10:52:47.036;-169;-111;34;0
28/11/2022;10:52:47.098;-166;-111;347;0
28/11/2022;10:52:47.161;-159;-111;347;39
28/11/2022;10:52:47.239;-155;-111;347;39
28/11/2022;10:52:47.301;-151;-111;347;39
28/11/2022;10:52:47.379;-144;-111;632;39
28/11/2022;10:52:47.411;-140;-110;632;150
28/11/2022;10:52:47.505;-136;-108;632;150
28/11/2022;10:52:47.551;-132;-105;632;150
28/11/2022;10:52:47.614;-123;-101;632;150
28/11/2022;10:52:47.661;-123;-101;632;150
28/11/2022;10:52:47.739;-115;-98;594;56
28/11/2022;10:52:47.786;-112;-98;594;56
28/11/2022;10:52:47.864;-108;-98;594;56
28/11/2022;10:52:47.926;-101;-98;594;56
28/11/2022;10:52:47.973;-97;-98;484;56
28/11/2022;10:52:48.051;-93;-98;484;47
28/11/2022;10:52:48.098;-90;-98;484;47
28/11/2022;10:52:48.161;-82;-98;484;47
28/11/2022;10:52:48.239;-79;-98;484;47
28/11/2022;10:52:48.301;-75;-98;369;47
28/11/2022;10:52:48.364;-71;-98;369;54
28/11/2022;10:52:48.426;-64;-98;369;54
28/11/2022;10:52:48.473;-61;-98;369;54
28/11/2022;10:52:48.551;-57;-98;369;54
28/11/2022;10:52:48.614;-50;-98;366;47
28/11/2022;10:52:48.661;-46;-98;366;47
28/11/2022;10:52:48.739;-42;-98;366;47
28/11/2022;10:52:48.786;-39;-98;366;47
28/11/2022;10:52:48.864;-35;-98;366;47
28/11/2022;10:52:48.926;-28;-98;336;47
28/11/2022;10:52:48.973;-24;-98;336;51
28/11/2022;10:52:49.051;-20;-98;336;51
28/11/2022;10:52:49.098;-17;-98;336;51
28/11/2022;10:52:49.176;-9;-98;336;51
28/11/2022;10:52:49.239;-5;-98;255;51
28/11/2022;10:52:49.286;0;-98;255;48
28/11/2022;10:52:49.380;8;-98;255;48
28/11/2022;10:52:49.411;8;-98;255;48
28/11/2022;10:52:49.473;17;-98;255;48
28/11/2022;10:52:49.551;21;-98;211;48
28/11/2022;10:52:49.614;28;-98;211;36
28/11/2022;10:52:49.661;28;-98;211;36
28/11/2022;10:52:49.739;34;-98;211;36
28/11/2022;10:52:49.801;37;-98;211;36
28/11/2022;10:52:49.848;40;-98;121;36
28/11/2022;10:52:49.926;43;-98;121;0
28/11/2022;10:52:49.989;44;-98;121;0
28/11/2022;10:52:50.036;45;-98;121;0
28/11/2022;10:52:50.114;47;-98;121;0
28/11/2022;10:52:50.176;48;-98;0;0
28/11/2022;10:52:50.223;48;-98;0;0
28/11/2022;10:52:50.286;48;-98;0;0
28/11/2022;10:52:50.348;48;-98;0;0
28/11/2022;10:52:50.426;49;-98;694;0
28/11/2022;10:52:50.489;52;-98;694;0
28/11/2022;10:52:50.536;56;-98;694;0
28/11/2022;10:52:50.598;60;-98;694;0
28/11/2022;10:52:50.677;67;-98;694;0
28/11/2022;10:52:50.739;69;-98;970;0
28/11/2022;10:52:50.786;66;-98;970;0
28/11/2022;10:52:50.864;62;-98;970;-28
28/11/2022;10:52:50.942;55;-98;970;-28
28/11/2022;10:52:50.973;51;-98;970;-28
28/11/2022;10:52:51.051;48;-98;743;-28
28/11/2022;10:52:51.114;51;-98;743;-28
28/11/2022;10:52:51.176;58;-98;743;-28
28/11/2022;10:52:51.223;62;-98;743;0
28/11/2022;10:52:51.301;65;-98;743;0
28/11/2022;10:52:51.364;73;-98;609;0
28/11/2022;10:52:51.411;73;-98;609;0
28/11/2022;10:52:51.489;80;-98;609;0
28/11/2022;10:52:51.552;83;-98;609;0
28/11/2022;10:52:51.598;87;-98;609;0
28/11/2022;10:52:51.661;91;-98;609;0
28/11/2022;10:52:51.723;98;-98;640;0
28/11/2022;10:52:51.802;102;-98;640;0
28/11/2022;10:52:51.880;109;-98;640;0
28/11/2022;10:52:51.911;113;-98;640;0
28/11/2022;10:52:51.989;116;-98;318;0
28/11/2022;10:52:52.067;120;-98;318;0
28/11/2022;10:52:52.099;124;-98;318;0
28/11/2022;10:52:52.177;131;-98;318;-62
28/11/2022;10:52:52.223;135;-98;318;-62
28/11/2022;10:52:52.302;137;-98;0;-62
28/11/2022;10:52:52.364;137;-98;0;-62
28/11/2022;10:52:52.427;136;-98;-165;-77
28/11/2022;10:52:52.489;134;-98;-165;-77
28/11/2022;10:52:52.567;131;-98;-165;-77
28/11/2022;10:52:52.599;129;-98;-165;-77
28/11/2022;10:52:52.677;124;-98;-165;-77
28/11/2022;10:52:52.739;123;-98;-64;-77
28/11/2022;10:52:52.786;123;-98;-64;-38
28/11/2022;10:52:52.864;123;-98;-64;-38
28/11/2022;10:52:52.911;123;-98;529;-38
28/11/2022;10:52:52.973;130;-98;529;69
28/11/2022;10:52:53.052;134;-98;529;69
28/11/2022;10:52:53.099;138;-98;529;69
28/11/2022;10:52:53.161;145;-98;0;69
28/11/2022;10:52:53.239;145;-98;0;69
28/11/2022;10:52:53.286;145;-97;0;105
28/11/2022;10:52:53.364;144;-95;-104;105
28/11/2022;10:52:53.411;143;-94;-104;105
28/11/2022;10:52:53.489;142;-92;-104;105
28/11/2022;10:52:53.567;141;-91;-104;105
28/11/2022;10:52:53.614;139;-91;-104;45
28/11/2022;10:52:53.677;138;-91;-35;45
28/11/2022;10:52:53.724;138;-91;-35;45
28/11/2022;10:52:53.802;138;-91;-35;45
28/11/2022;10:52:53.864;138;-91;-35;0
28/11/2022;10:52:53.911;138;-91;-35;0
28/11/2022;10:52:53.974;138;-91;0;0
28/11/2022;10:52:54.052;138;-91;0;0
28/11/2022;10:52:54.114;138;-91;0;0
28/11/2022;10:52:54.161;138;-91;0;0
28/11/2022;10:52:54.224;138;-91;0;0
28/11/2022;10:52:54.302;138;-91;0;0
28/11/2022;10:52:54.380;138;-91;0;0
28/11/2022;10:52:54.411;138;-91;0;0
28/11/2022;10:52:54.489;138;-91;27;0
28/11/2022;10:52:54.552;138;-91;27;0
28/11/2022;10:52:54.599;138;-91;27;0
28/11/2022;10:52:54.661;138;-91;27;0
28/11/2022;10:52:54.739;138;-91;45;0
28/11/2022;10:52:54.786;138;-91;45;0
28/11/2022;10:52:54.849;138;-91;45;0
28/11/2022;10:52:54.927;138;-91;45;0
28/11/2022;10:52:54.989;138;-91;45;0
28/11/2022;10:52:55.052;138;-91;69;0
28/11/2022;10:52:55.099;138;-91;69;0
28/11/2022;10:52:55.161;138;-91;69;0
28/11/2022;10:52:55.239;138;-91;69;0
28/11/2022;10:52:55.302;138;-91;69;0
28/11/2022;10:52:55.364;138;-91;56;0
28/11/2022;10:52:55.411;138;-91;56;0
28/11/2022;10:52:55.489;138;-91;56;0
28/11/2022;10:52:55.552;138;-91;56;0
28/11/2022;10:52:55.614;138;-91;56;0
28/11/2022;10:52:55.661;138;-91;56;0
28/11/2022;10:52:55.724;138;-91;65;0
28/11/2022;10:52:55.786;138;-91;65;0
28/11/2022;10:52:55.864;138;-91;65;0
28/11/2022;10:52:55.911;138;-91;65;0
28/11/2022;10:52:55.974;138;-91;52;0
28/11/2022;10:52:56.052;138;-91;52;0
28/11/2022;10:52:56.130;138;-91;52;0
28/11/2022;10:52:56.161;138;-91;52;0
28/11/2022;10:52:56.239;138;-91;52;0
28/11/2022;10:52:56.302;138;-91;35;0
28/11/2022;10:52:56.349;138;-91;35;0
28/11/2022;10:52:56.427;138;-91;35;0
28/11/2022;10:52:56.474;138;-91;35;0
28/11/2022;10:52:56.552;138;-91;35;0
28/11/2022;10:52:56.630;138;-91;28;0
28/11/2022;10:52:56.661;138;-91;28;0
28/11/2022;10:52:56.739;138;-91;28;0
28/11/2022;10:52:56.786;138;-91;28;0
28/11/2022;10:52:56.849;138;-91;28;0
28/11/2022;10:52:56.927;138;-91;0;0
28/11/2022;10:52:56.974;138;-91;0;0
28/11/2022;10:52:57.052;138;-91;0;0
28/11/2022;10:52:57.130;138;-91;0;0
28/11/2022;10:52:57.161;138;-91;0;0
28/11/2022;10:52:57.240;138;-91;0;0
28/11/2022;10:52:57.302;138;-91;0;0
28/11/2022;10:52:57.349;138;-91;0;0
28/11/2022;10:52:57.427;138;-91;0;0
28/11/2022;10:52:57.489;138;-91;0;0
28/11/2022;10:52:57.552;138;-91;0;202
28/11/2022;10:52:57.599;138;-88;0;202
28/11/2022;10:52:57.677;136;-82;-145;202
28/11/2022;10:52:57.724;134;-79;-145;202
28/11/2022;10:52:57.802;132;-76;-145;202
28/11/2022;10:52:57.849;130;-73;-145;202
28/11/2022;10:52:57.927;126;-67;-145;211
28/11/2022;10:52:57.974;123;-64;-414;211
28/11/2022;10:52:58.052;120;-60;-414;211
28/11/2022;10:52:58.099;116;-57;-414;211
28/11/2022;10:52:58.177;108;-51;-414;179
28/11/2022;10:52:58.224;104;-49;-414;179
28/11/2022;10:52:58.302;99;-47;-452;179
28/11/2022;10:52:58.349;95;-45;-452;179
28/11/2022;10:52:58.427;86;-40;-452;179
28/11/2022;10:52:58.474;83;-37;-452;208
28/11/2022;10:52:58.568;79;-34;-452;208
28/11/2022;10:52:58.615;76;-31;-337;208
28/11/2022;10:52:58.693;69;-24;-337;208
28/11/2022;10:52:58.740;65;-21;-337;208
28/11/2022;10:52:58.818;57;-16;-337;183
28/11/2022;10:52:58.880;53;-14;-382;183
28/11/2022;10:52:58.927;48;-11;-382;183
28/11/2022;10:52:58.974;44;-9;-382;183
28/11/2022;10:52:59.068;35;-5;-382;183
28/11/2022;10:52:59.115;35;-5;-382;183
28/11/2022;10:52:59.177;28;0;-222;226
28/11/2022;10:52:59.224;25;3;-222;226
28/11/2022;10:52:59.318;21;6;-222;226
28/11/2022;10:52:59.365;15;13;-222;226
28/11/2022;10:52:59.427;12;16;-222;141
28/11/2022;10:52:59.505;9;18;-241;141
28/11/2022;10:52:59.568;5;19;-241;141
28/11/2022;10:52:59.615;2;21;-241;141
28/11/2022;10:52:59.693;-4;24;-241;141
28/11/2022;10:52:59.740;-7;26;-241;127
28/11/2022;10:52:59.818;-14;29;-359;127
28/11/2022;10:52:59.880;-18;30;-359;127
28/11/2022;10:52:59.911;-23;32;-359;127
28/11/2022;10:53:00.005;-27;33;-359;127
28/11/2022;10:53:00.052;-31;35;-359;127
28/11/2022;10:53:00.099;-35;35;-359;74
28/11/2022;10:53:00.177;-42;35;-340;74
28/11/2022;10:53:00.224;-46;35;-340;74
28/11/2022;10:53:00.302;-50;35;-340;74
28/11/2022;10:53:00.380;-58;35;-340;75
28/11/2022;10:53:00.427;-61;35;-228;75
28/11/2022;10:53:00.474;-65;35;-228;75
28/11/2022;10:53:00.552;-69;35;-228;75
28/11/2022;10:53:00.599;-73;35;-228;75
28/11/2022;10:53:00.677;-80;36;-228;191
28/11/2022;10:53:00.755;-81;39;-89;191
28/11/2022;10:53:00.802;-81;41;-89;191
28/11/2022;10:53:00.865;-81;44;-89;191
28/11/2022;10:53:00.943;-81;49;-89;191
28/11/2022;10:53:00.990;-81;52;-89;270
28/11/2022;10:53:01.052;-82;57;-169;270
28/11/2022;10:53:01.146;-87;66;-169;270
28/11/2022;10:53:01.224;-91;75;-169;270
28/11/2022;10:53:01.302;-94;79;-169;0
28/11/2022;10:53:01.365;-96;79;-499;0
28/11/2022;10:53:01.443;-104;79;-499;0
28/11/2022;10:53:01.474;-108;79;-499;0
28/11/2022;10:53:01.568;-112;79;-499;0
28/11/2022;10:53:01.599;-116;79;-499;0
28/11/2022;10:53:01.677;-123;79;-318;0
28/11/2022;10:53:01.724;-127;79;-318;0
28/11/2022;10:53:01.818;-131;79;-318;0
28/11/2022;10:53:01.865;-135;79;-318;0
28/11/2022;10:53:01.912;-139;79;-318;116
28/11/2022;10:53:01.990;-143;82;0;116
28/11/2022;10:53:02.052;-143;83;0;116
28/11/2022;10:53:02.099;-143;84;0;116
28/11/2022;10:53:02.193;-143;87;0;116
28/11/2022;10:53:02.224;-143;90;0;492
28/11/2022;10:53:02.318;-143;94;84;492
28/11/2022;10:53:02.381;-143;101;84;492
28/11/2022;10:53:02.427;-143;105;84;492
28/11/2022;10:53:02.474;-143;109;84;492
28/11/2022;10:53:02.552;-143;110;84;34
28/11/2022;10:53:02.599;-143;110;56;34
28/11/2022;10:53:02.693;-143;110;56;-45
28/11/2022;10:53:02.740;-143;110;56;-45
28/11/2022;10:53:02.818;-143;110;56;-45
28/11/2022;10:53:02.865;-143;110;56;-45
28/11/2022;10:53:02.927;-143;110;49;-45
28/11/2022;10:53:02.974;-143;110;49;-39
28/11/2022;10:53:03.052;-143;110;49;-39
28/11/2022;10:53:03.099;-143;110;49;-39
28/11/2022;10:53:03.177;-142;110;220;-39
28/11/2022;10:53:03.256;-138;110;220;-39
28/11/2022;10:53:03.302;-135;110;220;0
28/11/2022;10:53:03.365;-132;110;220;0
28/11/2022;10:53:03.443;-126;110;220;0
28/11/2022;10:53:03.490;-122;110;412;0
28/11/2022;10:53:03.537;-119;110;412;0
28/11/2022;10:53:03.615;-111;110;412;0
28/11/2022;10:53:03.662;-111;110;412;0
28/11/2022;10:53:03.756;-104;110;412;0
28/11/2022;10:53:03.787;-101;110;-680;0
28/11/2022;10:53:03.881;-108;110;-680;0
28/11/2022;10:53:03.927;-112;110;-680;0
28/11/2022;10:53:03.975;-116;110;-680;0
28/11/2022;10:53:04.052;-120;110;-680;0
28/11/2022;10:53:04.100;-124;110;-562;0
28/11/2022;10:53:04.193;-131;110;-562;0
28/11/2022;10:53:04.240;-135;110;-562;-58
28/11/2022;10:53:04.287;-139;110;-562;-58
28/11/2022;10:53:04.365;-143;110;-562;-58
28/11/2022;10:53:04.412;-147;110;-562;-58
28/11/2022;10:53:04.506;-147;110;28;-58
28/11/2022;10:53:04.553;-147;108;28;-162
28/11/2022;10:53:04.599;-147;106;28;-162
28/11/2022;10:53:04.678;-147;102;28;-162
28/11/2022;10:53:04.725;-146;100;171;-162
28/11/2022;10:53:04.819;-142;95;171;-162
28/11/2022;10:53:04.881;-139;94;171;0
28/11/2022;10:53:04.928;-137;94;171;0
28/11/2022;10:53:04.975;-134;94;171;49
28/11/2022;10:53:05.069;-133;94;0;49
28/11/2022;10:53:05.115;-133;94;0;49
28/11/2022;10:53:05.194;-133;94;0;49
28/11/2022;10:53:05.225;-133;94;0;49
28/11/2022;10:53:05.303;-133;95;0;182
28/11/2022;10:53:05.365;-134;98;-212;182
28/11/2022;10:53:05.428;-141;103;-212;182
28/11/2022;10:53:05.506;-144;105;-212;182
28/11/2022;10:53:05.553;-147;108;-212;182
28/11/2022;10:53:05.615;-150;109;-212;0
28/11/2022;10:53:05.662;-152;109;0;0
28/11/2022;10:53:05.740;-152;109;0;0
28/11/2022;10:53:05.787;-152;109;0;-158
28/11/2022;10:53:05.881;-152;105;0;-158
28/11/2022;10:53:05.928;-152;103;40;-158
28/11/2022;10:53:05.975;-152;101;40;-158
28/11/2022;10:53:06.069;-152;99;40;-158
28/11/2022;10:53:06.115;-152;97;40;0
28/11/2022;10:53:06.162;-152;97;40;0
28/11/2022;10:53:06.240;-152;97;0;0
28/11/2022;10:53:06.287;-152;97;0;0
28/11/2022;10:53:06.381;-152;97;0;0
28/11/2022;10:53:06.428;-152;97;0;0
28/11/2022;10:53:06.475;-152;97;0;0
28/11/2022;10:53:06.553;-152;97;0;0
28/11/2022;10:53:06.600;-152;97;0;0
28/11/2022;10:53:06.694;-152;97;0;0
28/11/2022;10:53:06.741;-152;97;0;0
28/11/2022;10:53:06.787;-152;97;0;0
28/11/2022;10:53:06.881;-152;97;82;0
28/11/2022;10:53:06.928;-152;97;82;0
28/11/2022;10:53:07.006;-152;97;82;0
28/11/2022;10:53:07.053;-152;97;82;0
28/11/2022;10:53:07.100;-152;97;82;0
28/11/2022;10:53:07.178;-150;97;281;0
28/11/2022;10:53:07.241;-146;97;281;0
28/11/2022;10:53:07.287;-141;97;281;0
28/11/2022;10:53:07.381;-131;97;281;0
28/11/2022;10:53:07.444;-127;97;281;0
28/11/2022;10:53:07.491;-123;97;211;0
28/11/2022;10:53:07.553;-119;97;211;0
28/11/2022;10:53:07.600;-116;97;211;0
28/11/2022;10:53:07.694;-110;97;211;0
28/11/2022;10:53:07.741;-106;97;211;0
28/11/2022;10:53:07.787;-104;97;0;0
28/11/2022;10:53:07.881;-105;97;-113;0
28/11/2022;10:53:07.944;-107;97;-113;0
28/11/2022;10:53:07.991;-108;97;-113;0
28/11/2022;10:53:08.069;-111;97;-113;0
28/11/2022;10:53:08.116;-111;97;-113;0
28/11/2022;10:53:08.162;-112;97;-33;0
28/11/2022;10:53:08.256;-112;97;-33;0
28/11/2022;10:53:08.303;-112;97;-33;0
28/11/2022;10:53:08.397;-112;97;-33;0
28/11/2022;10:53:08.444;-112;97;0;0
28/11/2022;10:53:08.491;-112;97;0;0
28/11/2022;10:53:08.538;-112;97;0;0
28/11/2022;10:53:08.631;-112;97;0;0
28/11/2022;10:53:08.678;-112;97;0;0
28/11/2022;10:53:08.725;-112;97;0;0
28/11/2022;10:53:08.803;-112;97;0;0
28/11/2022;10:53:08.866;-112;97;0;0
28/11/2022;10:53:08.944;-112;97;0;0
28/11/2022;10:53:08.991;-112;97;0;0
28/11/2022;10:53:09.038;-112;97;0;0
28/11/2022;10:53:09.116;-112;97;0;0
28/11/2022;10:53:09.163;-112;97;0;0
28/11/2022;10:53:09.256;-112;97;0;0
28/11/2022;10:53:09.303;-112;97;0;0
28/11/2022;10:53:09.350;-112;97;0;0
28/11/2022;10:53:09.444;-112;97;0;0
28/11/2022;10:53:09.491;-112;97;0;0
28/11/2022;10:53:09.538;-112;97;0;0
28/11/2022;10:53:09.616;-112;97;0;0
28/11/2022;10:53:09.663;-112;97;0;0
28/11/2022;10:53:09.756;-112;97;0;0
28/11/2022;10:53:09.803;-112;97;0;0
28/11/2022;10:53:09.881;-112;97;0;0
28/11/2022;10:53:09.928;-112;97;0;0
28/11/2022;10:53:09.975;-112;97;0;0
28/11/2022;10:53:10.069;-112;97;0;0
28/11/2022;10:53:10.116;-112;97;0;0
28/11/2022;10:53:10.163;-112;97;0;0
28/11/2022;10:53:10.241;-112;97;0;0
28/11/2022;10:53:10.303;-112;97;0;0
28/11/2022;10:53:10.397;-112;97;0;0
28/11/2022;10:53:10.444;-112;97;0;0
28/11/2022;10:53:10.491;-112;97;0;0
28/11/2022;10:53:10.538;-112;97;0;0
28/11/2022;10:53:10.631;-112;97;0;0
28/11/2022;10:53:10.694;-112;97;0;0
28/11/2022;10:53:10.756;-112;97;0;0
28/11/2022;10:53:10.803;-112;97;0;0
28/11/2022;10:53:10.866;-112;97;0;28
28/11/2022;10:53:10.944;-112;97;0;28
28/11/2022;10:53:10.991;-112;97;0;28
28/11/2022;10:53:11.053;-112;97;0;28
28/11/2022;10:53:11.116;-112;97;0;28
28/11/2022;10:53:11.210;-112;97;0;0
28/11/2022;10:53:11.303;-112;97;0;0
28/11/2022;10:53:11.381;-112;97;0;-56
28/11/2022;10:53:11.444;-112;97;0;-56
28/11/2022;10:53:11.491;-112;97;0;-56
28/11/2022;10:53:11.538;-112;97;0;-56
28/11/2022;10:53:11.616;-112;97;-30;-56
28/11/2022;10:53:11.678;-112;94;-30;-151
28/11/2022;10:53:11.741;-112;92;-30;-151
28/11/2022;10:53:11.819;-112;90;-30;-151
28/11/2022;10:53:11.882;-112;86;-53;-151
28/11/2022;10:53:11.928;-112;84;-53;-161
28/11/2022;10:53:11.991;-112;81;-53;-161
28/11/2022;10:53:12.038;-112;79;-53;-161
28/11/2022;10:53:12.132;-112;75;-53;-161
28/11/2022;10:53:12.178;-112;73;-64;-161
28/11/2022;10:53:12.241;-112;71;-64;-171
28/11/2022;10:53:12.335;-112;66;-64;-171
28/11/2022;10:53:12.413;-112;63;-64;-171
28/11/2022;10:53:12.507;-112;58;-56;-171
28/11/2022;10:53:12.569;-112;56;-56;-154
28/11/2022;10:53:12.616;-112;54;-56;-154
28/11/2022;10:53:12.663;-112;52;-56;-154
28/11/2022;10:53:12.757;-112;48;-56;-154
28/11/2022;10:53:12.803;-112;46;-61;-154
28/11/2022;10:53:12.866;-112;44;-61;-154
28/11/2022;10:53:12.928;-112;41;-61;-170
28/11/2022;10:53:12.975;-112;36;-61;-170
28/11/2022;10:53:13.069;-112;34;-61;-170
28/11/2022;10:53:13.116;-112;31;-61;-170
28/11/2022;10:53:13.179;-112;29;-54;-170
28/11/2022;10:53:13.225;-112;25;-54;-164
28/11/2022;10:53:13.319;-112;23;-54;-164
28/11/2022;10:53:13.366;-112;20;-54;-164
28/11/2022;10:53:13.429;-112;16;-62;-164
28/11/2022;10:53:13.491;-112;14;-62;-196
28/11/2022;10:53:13.585;-112;9;-62;-196
28/11/2022;10:53:13.679;-112;6;-62;-196
28/11/2022;10:53:13.772;-112;1;-50;-196
28/11/2022;10:53:13.866;-112;-3;-50;-185
28/11/2022;10:53:13.913;-112;-6;-50;-185
28/11/2022;10:53:14.022;-112;-11;-50;-185
28/11/2022;10:53:14.116;-112;-16;-60;-250
28/11/2022;10:53:14.179;-112;-23;-60;-250
28/11/2022;10:53:14.272;-112;-27;-60;-250
28/11/2022;10:53:14.366;-112;-34;-57;-250
28/11/2022;10:53:14.413;-112;-37;-57;-228
28/11/2022;10:53:14.476;-112;-44;-57;-228
28/11/2022;10:53:14.538;-112;-47;-57;-228
28/11/2022;10:53:14.616;-112;-51;-57;-228
28/11/2022;10:53:14.679;-112;-57;-70;-254
28/11/2022;10:53:14.725;-112;-62;-70;-254
28/11/2022;10:53:14.788;-112;-67;-70;-254
28/11/2022;10:53:14.835;-112;-72;-70;-254
28/11/2022;10:53:14.944;-112;-81;-73;-254
28/11/2022;10:53:15.007;-112;-86;-73;-254
28/11/2022;10:53:15.069;-112;-89;-73;-227
28/11/2022;10:53:15.132;-112;-96;-73;-227
28/11/2022;10:53:15.194;-112;-99;-73;-227
28/11/2022;10:53:15.241;-112;-102;-73;-227
28/11/2022;10:53:15.304;-112;-106;-97;-227
28/11/2022;10:53:15.367;-112;-110;-97;-273
28/11/2022;10:53:15.413;-112;-115;-97;-273
28/11/2022;10:53:15.476;-112;-120;-97;-273
28/11/2022;10:53:15.569;-112;-129;-97;-273
28/11/2022;10:53:15.616;-112;-130;-44;-273
28/11/2022;10:53:15.679;-112;-130;-44;-113
28/11/2022;10:53:15.726;-112;-130;-44;-113
28/11/2022;10:53:15.804;-112;-128;-44;227
28/11/2022;10:53:15.866;-112;-124;-44;227
28/11/2022;10:53:15.913;-112;-121;-38;227
28/11/2022;10:53:15.976;-112;-118;-38;227
28/11/2022;10:53:16.069;-112;-111;-38;227
28/11/2022;10:53:16.116;-112;-110;-38;0
28/11/2022;10:53:16.163;-112;-110;-38;0
28/11/2022;10:53:16.226;-112;-110;-73;0
28/11/2022;10:53:16.273;-112;-110;-73;0
28/11/2022;10:53:16.351;-112;-110;-73;0
28/11/2022;10:53:16.398;-112;-110;-73;0
28/11/2022;10:53:16.491;-112;-110;-60;0
28/11/2022;10:53:16.538;-112;-110;-60;0
28/11/2022;10:53:16.585;-112;-110;-60;0
28/11/2022;10:53:16.679;-112;-110;-60;0
28/11/2022;10:53:16.726;-112;-110;-60;43
28/11/2022;10:53:16.789;-112;-110;-62;43
28/11/2022;10:53:16.851;-112;-110;-62;43
28/11/2022;10:53:16.945;-112;-110;-62;43
28/11/2022;10:53:16.992;-112;-110;-62;0
28/11/2022;10:53:17.055;-112;-110;-62;0
28/11/2022;10:53:17.101;-112;-110;-51;0
28/11/2022;10:53:17.148;-112;-110;-51;0
28/11/2022;10:53:17.242;-112;-110;-51;0
28/11/2022;10:53:17.289;-112;-110;-51;0
28/11/2022;10:53:17.382;-112;-108;-51;101
28/11/2022;10:53:17.445;-112;-107;-51;101
28/11/2022;10:53:17.507;-112;-105;-73;101
28/11/2022;10:53:17.554;-112;-104;-73;101
28/11/2022;10:53:17.617;-112;-103;-73;101
28/11/2022;10:53:17.664;-112;-103;-73;79
28/11/2022;10:53:17.726;-112;-103;-73;79
28/11/2022;10:53:17.804;-112;-103;-91;79
28/11/2022;10:53:17.867;-112;-103;-91;79
28/11/2022;10:53:17.914;-112;-103;-91;79
28/11/2022;10:53:17.961;-112;-103;-91;0
28/11/2022;10:53:18.055;-112;-103;-91;0
28/11/2022;10:53:18.101;-112;-103;-87;0
28/11/2022;10:53:18.164;-112;-103;-87;0
28/11/2022;10:53:18.242;-112;-103;-87;44
28/11/2022;10:53:18.304;-112;-103;-87;44
28/11/2022;10:53:18.351;-112;-103;-87;44
28/11/2022;10:53:18.398;-112;-103;-76;44
28/11/2022;10:53:18.492;-112;-103;-76;44
28/11/2022;10:53:18.554;-112;-103;-76;47
28/11/2022;10:53:18.601;-112;-103;-76;47
28/11/2022;10:53:18.648;-112;-103;-76;47
28/11/2022;10:53:18.742;-112;-103;-77;47
28/11/2022;10:53:18.805;-112;-103;-77;47
28/11/2022;10:53:18.851;-112;-103;-77;36
28/11/2022;10:53:18.914;-112;-103;-77;36
28/11/2022;10:53:18.992;-112;-103;0;36
28/11/2022;10:53:19.054;-112;-103;0;36
28/11/2022;10:53:19.101;-112;-103;0;36
28/11/2022;10:53:19.179;-110;-102;141;105
28/11/2022;10:53:19.242;-108;-100;141;105
28/11/2022;10:53:19.304;-106;-99;141;105
28/11/2022;10:53:19.351;-105;-98;141;105
28/11/2022;10:53:19.414;-103;-97;141;105
28/11/2022;10:53:19.476;-101;-96;141;105
28/11/2022;10:53:19.539;-92;-96;265;54
28/11/2022;10:53:19.586;-88;-96;265;54
28/11/2022;10:53:19.695;-78;-96;265;54
28/11/2022;10:53:19.742;-73;-96;265;54
28/11/2022;10:53:19.805;-70;-96;463;0
28/11/2022;10:53:19.867;-66;-96;463;0
28/11/2022;10:53:19.914;-62;-96;463;0
28/11/2022;10:53:19.976;-59;-96;463;0
28/11/2022;10:53:20.023;-51;-96;463;0
28/11/2022;10:53:20.133;-48;-96;557;0
28/11/2022;10:53:20.180;-40;-96;557;0
28/11/2022;10:53:20.242;-37;-96;557;0
28/11/2022;10:53:20.289;-33;-96;557;0
28/11/2022;10:53:20.351;-29;-96;557;0
28/11/2022;10:53:20.414;-26;-96;522;0
28/11/2022;10:53:20.476;-22;-96;522;0
28/11/2022;10:53:20.570;-15;-96;522;0
28/11/2022;10:53:20.617;-11;-96;522;0
28/11/2022;10:53:20.679;-4;-96;577;0
28/11/2022;10:53:20.742;0;-96;577;0
28/11/2022;10:53:20.805;2;-96;577;0
28/11/2022;10:53:20.867;6;-96;577;0
28/11/2022;10:53:20.930;13;-96;577;0
28/11/2022;10:53:20.992;17;-96;510;0
28/11/2022;10:53:21.055;20;-96;510;0
28/11/2022;10:53:21.117;24;-96;510;0
28/11/2022;10:53:21.180;28;-96;510;0
28/11/2022;10:53:21.226;35;-96;510;0
28/11/2022;10:53:21.289;39;-96;467;0
28/11/2022;10:53:21.367;42;-96;467;0
28/11/2022;10:53:21.414;46;-96;467;0
28/11/2022;10:53:21.476;50;-96;467;0
28/11/2022;10:53:21.539;57;-96;467;0
28/11/2022;10:53:21.601;61;-96;467;0
28/11/2022;10:53:21.695;68;-96;303;0
28/11/2022;10:53:21.758;71;-96;303;0
28/11/2022;10:53:21.820;75;-96;303;0
28/11/2022;10:53:21.883;79;-96;303;0
28/11/2022;10:53:21.945;85;-96;194;-44
28/11/2022;10:53:22.008;88;-96;194;-44
28/11/2022;10:53:22.055;90;-96;194;-44
28/11/2022;10:53:22.102;93;-96;194;-44
28/11/2022;10:53:22.164;95;-96;194;-44
28/11/2022;10:53:22.227;98;-96;194;-44
28/11/2022;10:53:22.289;99;-96;0;-74
28/11/2022;10:53:22.383;99;-96;0;-74
28/11/2022;10:53:22.430;99;-96;0;-74
28/11/2022;10:53:22.492;99;-96;0;-74
28/11/2022;10:53:22.555;99;-96;0;-48
28/11/2022;10:53:22.617;99;-96;0;-48
28/11/2022;10:53:22.664;99;-96;0;-48
28/11/2022;10:53:22.727;99;-96;0;-48
28/11/2022;10:53:22.773;99;-96;0;-48
28/11/2022;10:53:22.883;99;-96;0;-70
28/11/2022;10:53:22.945;99;-96;0;-70
28/11/2022;10:53:22.992;99;-96;0;-70
28/11/2022;10:53:23.039;99;-96;0;-70
28/11/2022;10:53:23.102;99;-96;0;-70
28/11/2022;10:53:23.149;100;-96;206;-70
28/11/2022;10:53:23.258;106;-96;206;-70
28/11/2022;10:53:23.305;109;-96;206;-70
28/11/2022;10:53:23.367;113;-96;206;-70
28/11/2022;10:53:23.430;116;-96;206;-70
28/11/2022;10:53:23.492;119;-96;0;-82
28/11/2022;10:53:23.555;119;-96;0;-82
28/11/2022;10:53:23.602;119;-96;-291;-82
28/11/2022;10:53:23.664;113;-96;-291;-82
28/11/2022;10:53:23.758;103;-96;-291;-82
28/11/2022;10:53:23.805;97;-96;-291;-42
28/11/2022;10:53:23.883;92;-96;-291;-42
28/11/2022;10:53:23.930;81;-96;-291;-42
28/11/2022;10:53:23.992;80;-96;0;-42
28/11/2022;10:53:24.055;80;-96;0;-42
28/11/2022;10:53:24.102;83;-96;426;47
28/11/2022;10:53:24.164;86;-96;426;47
28/11/2022;10:53:24.227;90;-96;426;47
28/11/2022;10:53:24.321;97;-96;426;47
28/11/2022;10:53:24.367;101;-96;426;47
28/11/2022;10:53:24.430;108;-96;468;0
28/11/2022;10:53:24.492;112;-96;468;0
28/11/2022;10:53:24.555;115;-96;468;0
28/11/2022;10:53:24.602;119;-96;468;0
28/11/2022;10:53:24.664;123;-96;468;0
28/11/2022;10:53:24.758;127;-96;161;0
28/11/2022;10:53:24.805;130;-96;161;0
28/11/2022;10:53:24.867;132;-96;161;0
28/11/2022;10:53:24.930;134;-96;161;0
28/11/2022;10:53:24.977;137;-96;-48;0
28/11/2022;10:53:25.039;137;-96;-48;0
28/11/2022;10:53:25.102;137;-96;-48;0
28/11/2022;10:53:25.149;137;-96;-48;0
28/11/2022;10:53:25.242;137;-96;0;0
28/11/2022;10:53:25.305;137;-96;0;0
28/11/2022;10:53:25.367;137;-96;0;-42
28/11/2022;10:53:25.430;137;-96;0;-42
28/11/2022;10:53:25.477;137;-96;0;-42
28/11/2022;10:53:25.539;137;-96;0;-42
28/11/2022;10:53:25.617;137;-96;0;-42
28/11/2022;10:53:25.680;137;-96;0;0
28/11/2022;10:53:25.743;137;-96;0;0
28/11/2022;10:53:25.789;137;-96;0;0
28/11/2022;10:53:25.852;137;-96;0;0
28/11/2022;10:53:25.899;137;-96;0;0
28/11/2022;10:53:26.008;137;-96;0;0
28/11/2022;10:53:26.071;137;-96;0;0
28/11/2022;10:53:26.117;137;-96;0;0
28/11/2022;10:53:26.180;137;-96;0;0
28/11/2022;10:53:26.242;137;-96;0;0
28/11/2022;10:53:26.305;137;-96;0;0
28/11/2022;10:53:26.367;137;-96;0;0
28/11/2022;10:53:26.430;137;-96;0;0
28/11/2022;10:53:26.492;137;-96;0;0
28/11/2022;10:53:26.539;137;-96;0;0
28/11/2022;10:53:26.602;137;-96;0;0
28/11/2022;10:53:26.649;137;-96;0;0
28/11/2022;10:53:26.743;137;-96;0;0
28/11/2022;10:53:26.805;137;-96;0;0
28/11/2022;10:53:26.852;137;-96;0;0
28/11/2022;10:53:26.914;137;-96;0;0
28/11/2022;10:53:26.961;137;-96;0;0
28/11/2022;10:53:27.055;137;-96;0;0
28/11/2022;10:53:27.118;137;-96;0;0
28/11/2022;10:53:27.164;137;-96;0;0
28/11/2022;10:53:27.211;137;-96;0;0
28/11/2022;10:53:27.305;137;-96;0;0
28/11/2022;10:53:27.368;137;-96;0;0
28/11/2022;10:53:27.414;137;-96;0;0
28/11/2022;10:53:27.477;137;-96;0;0
28/11/2022;10:53:27.524;137;-96;0;0
28/11/2022;10:53:27.618;137;-96;0;0
28/11/2022;10:53:27.680;137;-96;0;0
28/11/2022;10:53:27.727;137;-96;0;0
28/11/2022;10:53:27.789;137;-96;0;0
28/11/2022;10:53:27.852;137;-96;0;0
28/11/2022;10:53:27.915;137;-96;0;0
28/11/2022;10:53:28.008;137;-96;0;0
28/11/2022;10:53:28.071;137;-96;0;0
28/11/2022;10:53:28.118;137;-96;0;0
28/11/2022;10:53:28.180;137;-90;0;203
28/11/2022;10:53:28.243;137;-87;0;203
28/11/2022;10:53:28.305;137;-84;0;203
28/11/2022;10:53:28.368;137;-81;0;203
28/11/2022;10:53:28.414;137;-78;0;203
28/11/2022;10:53:28.477;137;-69;0;262
28/11/2022;10:53:28.540;137;-64;0;262
28/11/2022;10:53:28.602;137;-59;-29;262
28/11/2022;10:53:28.665;137;-55;-29;262
28/11/2022;10:53:28.727;137;-50;-29;262
28/11/2022;10:53:28.790;137;-41;-29;258
28/11/2022;10:53:28.868;137;-36;-29;258
28/11/2022;10:53:28.930;137;-31;-78;258
28/11/2022;10:53:28.993;137;-22;-78;258
28/11/2022;10:53:29.055;137;-19;-78;0
28/11/2022;10:53:29.118;137;-19;-78;-49
28/11/2022;10:53:29.180;137;-19;-78;-49
28/11/2022;10:53:29.243;131;-19;-335;-49
28/11/2022;10:53:29.305;128;-19;-335;-49
28/11/2022;10:53:29.368;124;-19;-335;-49
28/11/2022;10:53:29.430;120;-19;-335;-75
28/11/2022;10:53:29.493;112;-19;-335;-75
28/11/2022;10:53:29.540;109;-19;-216;-75
28/11/2022;10:53:29.602;106;-19;-216;-75
28/11/2022;10:53:29.665;103;-19;-216;-75
28/11/2022;10:53:29.727;100;-19;-216;-38
28/11/2022;10:53:29.790;97;-19;-216;-38
28/11/2022;10:53:29.883;88;-19;-208;-38
28/11/2022;10:53:29.946;85;-19;-208;-38
28/11/2022;10:53:30.008;83;-19;-208;0
28/11/2022;10:53:30.071;80;-19;-208;0
28/11/2022;10:53:30.118;77;-19;-208;0
28/11/2022;10:53:30.180;74;-19;-317;0
28/11/2022;10:53:30.243;66;-19;-317;0
28/11/2022;10:53:30.305;62;-19;-317;0
28/11/2022;10:53:30.352;59;-19;-317;0
28/11/2022;10:53:30.415;55;-19;-317;0
28/11/2022;10:53:30.477;51;-19;-317;0
28/11/2022;10:53:30.571;43;-19;-307;0
28/11/2022;10:53:30.634;36;-19;-307;0
28/11/2022;10:53:30.696;32;-19;-307;0
28/11/2022;10:53:30.759;28;-19;-307;0
28/11/2022;10:53:30.805;24;-19;-221;0
28/11/2022;10:53:30.883;20;-19;-221;0
28/11/2022;10:53:30.961;13;-19;-221;0
28/11/2022;10:53:31.087;2;-19;-160;0
28/11/2022;10:53:31.212;-1;-17;-160;306
28/11/2022;10:53:31.337;-8;-4;-160;306
28/11/2022;10:53:31.462;-9;3;0;306
28/11/2022;10:53:31.524;-9;6;0;704
28/11/2022;10:53:31.634;-9;14;0;704
28/11/2022;10:53:31.696;-9;21;-58;704
28/11/2022;10:53:31.759;-9;25;-58;704
28/11/2022;10:53:31.821;-9;28;-58;433
28/11/2022;10:53:31.883;-9;32;-58;433
28/11/2022;10:53:31.946;-9;39;-58;433
28/11/2022;10:53:31.993;-10;43;-402;433
28/11/2022;10:53:32.071;-15;48;-402;433
28/11/2022;10:53:32.134;-19;52;-402;0
28/11/2022;10:53:32.196;-27;52;-402;0
28/11/2022;10:53:32.259;-31;52;-402;0
28/11/2022;10:53:32.321;-35;52;-411;0
28/11/2022;10:53:32.384;-39;52;-411;0
28/11/2022;10:53:32.430;-46;52;-411;45
28/11/2022;10:53:32.509;-50;52;-411;45
28/11/2022;10:53:32.555;-54;52;-411;45
28/11/2022;10:53:32.618;-58;52;-411;45
28/11/2022;10:53:32.680;-58;52;-85;45
28/11/2022;10:53:32.743;-58;52;-85;0
28/11/2022;10:53:32.806;-58;52;-85;0
28/11/2022;10:53:32.852;-58;52;-85;0
28/11/2022;10:53:32.915;-58;52;-85;0
28/11/2022;10:53:32.977;-58;52;-43;0
28/11/2022;10:53:33.040;-58;52;-43;0
28/11/2022;10:53:33.102;-58;55;-43;144
28/11/2022;10:53:33.212;-58;58;-43;144
28/11/2022;10:53:33.259;-58;60;-32;144
28/11/2022;10:53:33.321;-58;62;-32;144
28/11/2022;10:53:33.399;-58;68;-32;332
28/11/2022;10:53:33.462;-58;72;-32;332
28/11/2022;10:53:33.509;-58;75;-32;332
28/11/2022;10:53:33.571;-59;79;-133;332
28/11/2022;10:53:33.650;-62;85;-133;151
28/11/2022;10:53:33.759;-66;90;-133;151
28/11/2022;10:53:33.821;-67;92;-133;151
28/11/2022;10:53:33.899;-71;96;-173;151
28/11/2022;10:53:33.962;-74;97;-173;76
28/11/2022;10:53:34.024;-76;97;-173;76
28/11/2022;10:53:34.134;-81;97;-173;76
28/11/2022;10:53:34.196;-85;97;-156;76
28/11/2022;10:53:34.259;-87;97;-156;114
28/11/2022;10:53:34.321;-89;98;-156;114
28/11/2022;10:53:34.399;-93;101;-156;114
28/11/2022;10:53:34.509;-99;104;-303;114
28/11/2022;10:53:34.571;-103;105;-303;0
28/11/2022;10:53:34.649;-111;105;-303;0
28/11/2022;10:53:34.696;-115;105;-303;0
28/11/2022;10:53:34.759;-119;105;-303;0
28/11/2022;10:53:34.837;-122;105;-448;0
28/11/2022;10:53:34.915;-130;105;-448;0
28/11/2022;10:53:34.977;-134;105;-448;0
28/11/2022;10:53:35.040;-138;105;-448;0
28/11/2022;10:53:35.149;-145;105;-119;0
28/11/2022;10:53:35.212;-147;107;-119;230
28/11/2022;10:53:35.274;-148;111;-119;230
28/11/2022;10:53:35.352;-151;117;-119;230
28/11/2022;10:53:35.462;-152;124;0;230
28/11/2022;10:53:35.540;-152;126;0;0
28/11/2022;10:53:35.649;-152;125;0;-101
28/11/2022;10:53:35.712;-152;124;0;-101
28/11/2022;10:53:35.774;-152;123;0;-101
28/11/2022;10:53:35.837;-152;120;0;-101
28/11/2022;10:53:35.899;-152;119;0;-101
28/11/2022;10:53:35.962;-152;118;0;0
28/11/2022;10:53:36.025;-151;118;309;0
28/11/2022;10:53:36.103;-144;118;309;0
28/11/2022;10:53:36.165;-140;118;309;0
28/11/2022;10:53:36.275;-133;118;309;0
28/11/2022;10:53:36.337;-129;118;574;0
28/11/2022;10:53:36.400;-122;118;574;0
28/11/2022;10:53:36.462;-118;118;574;0
28/11/2022;10:53:36.525;-114;118;574;0
28/11/2022;10:53:36.587;-111;118;574;0
28/11/2022;10:53:36.650;-103;118;594;0
28/11/2022;10:53:36.759;-96;118;594;0
28/11/2022;10:53:36.868;-89;118;594;0
28/11/2022;10:53:36.931;-85;118;594;0
28/11/2022;10:53:37.009;-78;118;570;0
28/11/2022;10:53:37.071;-74;118;570;0
28/11/2022;10:53:37.181;-67;118;570;0
28/11/2022;10:53:37.243;-60;118;607;0
28/11/2022;10:53:37.306;-56;118;607;0
28/11/2022;10:53:37.384;-52;118;607;0
28/11/2022;10:53:37.446;-45;118;607;0
28/11/2022;10:53:37.509;-41;118;607;0
28/11/2022;10:53:37.587;-38;118;630;0
28/11/2022;10:53:37.650;-31;118;630;0
28/11/2022;10:53:37.728;-27;118;630;0
28/11/2022;10:53:37.790;-20;118;630;0
28/11/2022;10:53:37.915;-12;118;612;0
28/11/2022;10:53:38.040;-1;118;612;0
28/11/2022;10:53:38.165;5;118;651;0
28/11/2022;10:53:38.228;9;118;651;0
28/11/2022;10:53:38.337;20;118;651;0
28/11/2022;10:53:38.415;23;118;651;0
28/11/2022;10:53:38.478;27;118;683;0
28/11/2022;10:53:38.587;38;118;683;0
28/11/2022;10:53:38.650;42;118;683;0
28/11/2022;10:53:38.712;45;118;683;0
28/11/2022;10:53:38.775;49;118;683;0
28/11/2022;10:53:38.853;56;118;683;0
28/11/2022;10:53:38.962;63;118;683;0
28/11/2022;10:53:39.025;67;118;683;0
28/11/2022;10:53:39.087;74;118;705;0
28/11/2022;10:53:39.150;78;118;705;0
28/11/2022;10:53:39.228;82;118;705;0
28/11/2022;10:53:39.275;85;118;705;0
28/11/2022;10:53:39.353;93;118;705;0
28/11/2022;10:53:39.415;96;118;747;0
28/11/2022;10:53:39.525;104;118;747;0
28/11/2022;10:53:39.587;111;118;747;0
28/11/2022;10:53:39.650;114;118;747;0
28/11/2022;10:53:39.728;118;118;655;-30
28/11/2022;10:53:39.790;125;118;655;-30
28/11/2022;10:53:39.900;133;118;655;-30
28/11/2022;10:53:39.962;136;118;655;-30
28/11/2022;10:53:40.040;138;118;0;-43
28/11/2022;10:53:40.103;138;118;0;-43
28/11/2022;10:53:40.212;138;118;0;-43
28/11/2022;10:53:40.275;138;118;0;-43
28/11/2022;10:53:40.337;138;118;0;-26
28/11/2022;10:53:40.400;138;118;0;-26
28/11/2022;10:53:40.462;138;118;0;-26
28/11/2022;10:53:40.525;138;118;0;-26
28/11/2022;10:53:40.603;138;118;48;0
28/11/2022;10:53:40.665;138;118;48;0
28/11/2022;10:53:40.790;138;118;48;0
28/11/2022;10:53:40.853;138;118;48;0
28/11/2022;10:53:40.978;138;118;92;0
28/11/2022;10:53:41.103;138;118;92;0
28/11/2022;10:53:41.212;138;118;92;0
;;;;;
;;;;;
;;;;;
;;;;;
;;;;;
;;;;;
;;;;;
;;;;;
;;;;;
;;;;;
;;;;;
;;;;;
;;;;;
;;;;;
;;;;;
;;;;;
;;;;;
;;;;;
;;;;;
;;;;;
;;;;;
;;;;;
;;;;;
;;;;;
;;;;;
;;;;;
;;;;;
;;;;;
;;;;;
;;;;;
;;;;;
